category_l1,price_band,cart_date,carted_items,abandoned_items
accessories,1,2019-10-01,6,5
appliances,1,2019-10-01,85,51
appliances,2,2019-10-01,165,80
appliances,3,2019-10-01,75,45
appliances,4,2019-10-01,31,18
auto,1,2019-10-01,19,11
auto,2,2019-10-01,71,48
auto,3,2019-10-01,6,3
auto,4,2019-10-01,5,2
computers,1,2019-10-01,25,13
computers,2,2019-10-01,34,23
computers,3,2019-10-01,26,18
computers,4,2019-10-01,37,20
construction,1,2019-10-01,27,16
construction,2,2019-10-01,51,28
construction,3,2019-10-01,6,3
construction,4,2019-10-01,4,3
country_yard,1,2019-10-01,1,1
electronics,1,2019-10-01,278,169
electronics,2,2019-10-01,1626,661
electronics,3,2019-10-01,3581,1553
electronics,4,2019-10-01,3707,1589
furniture,1,2019-10-01,1,1
furniture,2,2019-10-01,7,4
furniture,3,2019-10-01,4,2
kids,2,2019-10-01,1,1
kids,3,2019-10-01,10,6
kids,4,2019-10-01,9,7
stationery,1,2019-10-01,1,0
unknown,1,2019-10-01,18,13
unknown,2,2019-10-01,478,308
unknown,3,2019-10-01,340,236
unknown,4,2019-10-01,150,96
accessories,1,2019-10-02,4,3
appliances,1,2019-10-02,100,62
appliances,2,2019-10-02,167,93
appliances,3,2019-10-02,94,55
appliances,4,2019-10-02,48,25
auto,1,2019-10-02,26,14
auto,2,2019-10-02,72,36
auto,3,2019-10-02,9,6
auto,4,2019-10-02,3,1
computers,1,2019-10-02,21,15
computers,2,2019-10-02,42,23
computers,3,2019-10-02,61,33
computers,4,2019-10-02,48,26
construction,1,2019-10-02,49,23
construction,2,2019-10-02,80,46
construction,3,2019-10-02,5,4
construction,4,2019-10-02,1,0
electronics,1,2019-10-02,288,182
electronics,2,2019-10-02,1671,693
electronics,3,2019-10-02,3741,1628
electronics,4,2019-10-02,3843,1650
furniture,1,2019-10-02,3,1
furniture,2,2019-10-02,5,3
furniture,3,2019-10-02,3,3
kids,2,2019-10-02,1,0
kids,3,2019-10-02,12,5
kids,4,2019-10-02,12,7
sport,2,2019-10-02,1,0
sport,3,2019-10-02,1,1
unknown,1,2019-10-02,24,17
unknown,2,2019-10-02,472,277
unknown,3,2019-10-02,325,204
unknown,4,2019-10-02,126,76
accessories,1,2019-10-03,2,2
accessories,2,2019-10-03,1,1
appliances,1,2019-10-03,115,73
appliances,2,2019-10-03,187,96
appliances,3,2019-10-03,129,67
appliances,4,2019-10-03,42,25
auto,1,2019-10-03,38,28
auto,2,2019-10-03,80,48
auto,3,2019-10-03,5,2
auto,4,2019-10-03,2,1
computers,1,2019-10-03,32,22
computers,2,2019-10-03,34,20
computers,3,2019-10-03,68,44
computers,4,2019-10-03,91,51
construction,1,2019-10-03,28,18
construction,2,2019-10-03,50,32
construction,3,2019-10-03,10,8
country_yard,1,2019-10-03,4,2
country_yard,2,2019-10-03,1,1
electronics,1,2019-10-03,328,212
electronics,2,2019-10-03,1815,741
electronics,3,2019-10-03,4061,1790
electronics,4,2019-10-03,4383,2029
furniture,2,2019-10-03,8,4
furniture,3,2019-10-03,1,1
kids,2,2019-10-03,2,2
kids,3,2019-10-03,5,4
kids,4,2019-10-03,10,6
stationery,2,2019-10-03,1,1
unknown,1,2019-10-03,47,34
unknown,2,2019-10-03,496,321
unknown,3,2019-10-03,358,223
unknown,4,2019-10-03,170,100
accessories,1,2019-10-04,11,5
accessories,2,2019-10-04,7,4
appliances,1,2019-10-04,614,411
appliances,2,2019-10-04,1002,617
appliances,3,2019-10-04,928,527
appliances,4,2019-10-04,342,216
auto,1,2019-10-04,103,72
auto,2,2019-10-04,198,102
auto,3,2019-10-04,19,9
auto,4,2019-10-04,3,2
computers,1,2019-10-04,103,76
computers,2,2019-10-04,172,110
computers,3,2019-10-04,742,459
computers,4,2019-10-04,593,368
construction,1,2019-10-04,31,14
construction,2,2019-10-04,59,40
construction,3,2019-10-04,19,9
construction,4,2019-10-04,7,4
country_yard,1,2019-10-04,2,1
electronics,1,2019-10-04,798,524
electronics,2,2019-10-04,3682,1792
electronics,3,2019-10-04,8369,4244
electronics,4,2019-10-04,8792,4761
furniture,2,2019-10-04,5,4
furniture,3,2019-10-04,1,1
kids,1,2019-10-04,1,1
kids,2,2019-10-04,9,5
kids,3,2019-10-04,17,10
kids,4,2019-10-04,38,25
sport,1,2019-10-04,15,13
sport,3,2019-10-04,3,2
sport,4,2019-10-04,3,2
stationery,1,2019-10-04,1,1
stationery,2,2019-10-04,1,1
unknown,1,2019-10-04,120,98
unknown,2,2019-10-04,1114,761
unknown,3,2019-10-04,1073,682
unknown,4,2019-10-04,578,374
accessories,1,2019-10-05,23,20
accessories,2,2019-10-05,1,0
accessories,3,2019-10-05,1,0
appliances,1,2019-10-05,381,247
appliances,2,2019-10-05,803,467
appliances,3,2019-10-05,638,369
appliances,4,2019-10-05,260,148
auto,1,2019-10-05,73,50
auto,2,2019-10-05,178,100
auto,3,2019-10-05,30,21
auto,4,2019-10-05,4,2
computers,1,2019-10-05,107,81
computers,2,2019-10-05,134,82
computers,3,2019-10-05,611,359
computers,4,2019-10-05,461,296
construction,1,2019-10-05,44,34
construction,2,2019-10-05,53,28
construction,3,2019-10-05,9,5
construction,4,2019-10-05,4,4
electronics,1,2019-10-05,637,420
electronics,2,2019-10-05,2980,1318
electronics,3,2019-10-05,6874,3470
electronics,4,2019-10-05,6775,3492
furniture,1,2019-10-05,5,3
furniture,2,2019-10-05,9,6
kids,1,2019-10-05,1,1
kids,2,2019-10-05,5,5
kids,3,2019-10-05,16,9
kids,4,2019-10-05,20,20
sport,1,2019-10-05,15,11
sport,3,2019-10-05,1,0
sport,4,2019-10-05,4,3
stationery,3,2019-10-05,1,1
unknown,1,2019-10-05,118,88
unknown,2,2019-10-05,890,593
unknown,3,2019-10-05,756,480
unknown,4,2019-10-05,511,307
accessories,1,2019-10-06,10,5
accessories,2,2019-10-06,5,3
accessories,3,2019-10-06,1,0
appliances,1,2019-10-06,354,235
appliances,2,2019-10-06,710,370
appliances,3,2019-10-06,516,275
appliances,4,2019-10-06,229,139
auto,1,2019-10-06,51,33
auto,2,2019-10-06,145,83
auto,3,2019-10-06,16,7
auto,4,2019-10-06,4,4
computers,1,2019-10-06,75,55
computers,2,2019-10-06,119,75
computers,3,2019-10-06,464,261
computers,4,2019-10-06,313,179
construction,1,2019-10-06,38,21
construction,2,2019-10-06,56,31
construction,3,2019-10-06,10,7
electronics,1,2019-10-06,597,397
electronics,2,2019-10-06,2987,1432
electronics,3,2019-10-06,6309,3127
electronics,4,2019-10-06,5979,3086
furniture,1,2019-10-06,2,1
furniture,2,2019-10-06,11,10
kids,1,2019-10-06,1,0
kids,2,2019-10-06,12,9
kids,3,2019-10-06,10,3
kids,4,2019-10-06,29,20
sport,1,2019-10-06,10,7
sport,4,2019-10-06,1,1
stationery,1,2019-10-06,4,1
unknown,1,2019-10-06,80,57
unknown,2,2019-10-06,796,503
unknown,3,2019-10-06,660,428
unknown,4,2019-10-06,419,236
accessories,1,2019-10-07,5,2
appliances,1,2019-10-07,84,45
appliances,2,2019-10-07,184,83
appliances,3,2019-10-07,103,50
appliances,4,2019-10-07,41,23
auto,1,2019-10-07,36,24
auto,2,2019-10-07,144,75
auto,3,2019-10-07,15,5
auto,4,2019-10-07,1,0
computers,1,2019-10-07,22,13
computers,2,2019-10-07,41,22
computers,3,2019-10-07,54,25
computers,4,2019-10-07,44,20
construction,1,2019-10-07,37,18
construction,2,2019-10-07,52,28
construction,3,2019-10-07,9,4
construction,4,2019-10-07,4,3
electronics,1,2019-10-07,263,157
electronics,2,2019-10-07,1881,724
electronics,3,2019-10-07,3911,1628
electronics,4,2019-10-07,3639,1586
furniture,1,2019-10-07,4,1
furniture,2,2019-10-07,14,9
furniture,3,2019-10-07,4,3
kids,3,2019-10-07,13,7
kids,4,2019-10-07,7,7
medicine,3,2019-10-07,2,2
unknown,1,2019-10-07,26,17
unknown,2,2019-10-07,545,325
unknown,3,2019-10-07,404,233
unknown,4,2019-10-07,201,109
accessories,1,2019-10-08,5,3
accessories,2,2019-10-08,1,0
appliances,1,2019-10-08,110,66
appliances,2,2019-10-08,210,91
appliances,3,2019-10-08,106,65
appliances,4,2019-10-08,52,34
auto,1,2019-10-08,43,35
auto,2,2019-10-08,197,99
auto,3,2019-10-08,20,11
auto,4,2019-10-08,6,4
computers,1,2019-10-08,16,10
computers,2,2019-10-08,48,23
computers,3,2019-10-08,59,37
computers,4,2019-10-08,44,18
construction,1,2019-10-08,36,24
construction,2,2019-10-08,51,27
construction,3,2019-10-08,8,3
construction,4,2019-10-08,2,1
electronics,1,2019-10-08,349,219
electronics,2,2019-10-08,1876,750
electronics,3,2019-10-08,3957,1663
electronics,4,2019-10-08,3671,1500
furniture,1,2019-10-08,5,3
furniture,2,2019-10-08,11,3
furniture,3,2019-10-08,1,1
kids,2,2019-10-08,3,2
kids,3,2019-10-08,15,7
kids,4,2019-10-08,13,5
medicine,2,2019-10-08,2,1
sport,3,2019-10-08,1,1
stationery,2,2019-10-08,1,1
unknown,1,2019-10-08,26,20
unknown,2,2019-10-08,524,322
unknown,3,2019-10-08,585,371
unknown,4,2019-10-08,228,130
accessories,1,2019-10-09,4,1
accessories,2,2019-10-09,2,1
appliances,1,2019-10-09,107,56
appliances,2,2019-10-09,218,105
appliances,3,2019-10-09,150,77
appliances,4,2019-10-09,39,21
auto,1,2019-10-09,51,30
auto,2,2019-10-09,177,96
auto,3,2019-10-09,16,13
auto,4,2019-10-09,6,4
computers,1,2019-10-09,33,16
computers,2,2019-10-09,43,18
computers,3,2019-10-09,74,34
computers,4,2019-10-09,38,23
construction,1,2019-10-09,32,19
construction,2,2019-10-09,50,35
construction,3,2019-10-09,11,8
construction,4,2019-10-09,3,1
electronics,1,2019-10-09,320,198
electronics,2,2019-10-09,1798,668
electronics,3,2019-10-09,3931,1621
electronics,4,2019-10-09,3719,1556
furniture,1,2019-10-09,9,8
furniture,2,2019-10-09,17,9
furniture,3,2019-10-09,9,3
kids,3,2019-10-09,12,9
kids,4,2019-10-09,11,8
medicine,2,2019-10-09,1,1
medicine,3,2019-10-09,1,0
stationery,1,2019-10-09,1,1
stationery,2,2019-10-09,1,1
unknown,1,2019-10-09,30,19
unknown,2,2019-10-09,557,331
unknown,3,2019-10-09,445,272
unknown,4,2019-10-09,207,112
accessories,1,2019-10-10,2,1
appliances,1,2019-10-10,129,71
appliances,2,2019-10-10,211,111
appliances,3,2019-10-10,126,80
appliances,4,2019-10-10,44,21
auto,1,2019-10-10,34,21
auto,2,2019-10-10,127,61
auto,3,2019-10-10,8,5
auto,4,2019-10-10,3,1
computers,1,2019-10-10,34,20
computers,2,2019-10-10,31,15
computers,3,2019-10-10,50,31
computers,4,2019-10-10,40,19
construction,1,2019-10-10,27,13
construction,2,2019-10-10,49,34
construction,3,2019-10-10,8,4
construction,4,2019-10-10,4,2
electronics,1,2019-10-10,365,216
electronics,2,2019-10-10,2011,858
electronics,3,2019-10-10,4055,1791
electronics,4,2019-10-10,3755,1670
furniture,1,2019-10-10,8,7
furniture,2,2019-10-10,7,6
furniture,3,2019-10-10,3,1
kids,3,2019-10-10,22,12
kids,4,2019-10-10,17,10
medicine,2,2019-10-10,2,1
sport,1,2019-10-10,1,1
sport,2,2019-10-10,1,1
stationery,1,2019-10-10,1,1
unknown,1,2019-10-10,27,17
unknown,2,2019-10-10,554,330
unknown,3,2019-10-10,441,242
unknown,4,2019-10-10,253,135
accessories,1,2019-10-11,3,2
accessories,2,2019-10-11,1,0
appliances,1,2019-10-11,132,76
appliances,2,2019-10-11,266,152
appliances,3,2019-10-11,178,103
appliances,4,2019-10-11,58,35
auto,1,2019-10-11,41,23
auto,2,2019-10-11,178,83
auto,3,2019-10-11,15,9
auto,4,2019-10-11,1,0
computers,1,2019-10-11,30,16
computers,2,2019-10-11,45,30
computers,3,2019-10-11,52,26
computers,4,2019-10-11,46,24
construction,1,2019-10-11,49,27
construction,2,2019-10-11,65,43
construction,3,2019-10-11,20,11
construction,4,2019-10-11,5,3
electronics,1,2019-10-11,381,247
electronics,2,2019-10-11,2106,931
electronics,3,2019-10-11,4688,2056
electronics,4,2019-10-11,4003,1856
furniture,1,2019-10-11,3,0
furniture,2,2019-10-11,15,6
furniture,3,2019-10-11,4,3
kids,2,2019-10-11,3,3
kids,3,2019-10-11,30,15
kids,4,2019-10-11,15,11
medicine,2,2019-10-11,1,1
medicine,3,2019-10-11,2,1
sport,2,2019-10-11,2,2
sport,3,2019-10-11,1,1
sport,4,2019-10-11,2,2
stationery,2,2019-10-11,2,1
unknown,1,2019-10-11,37,28
unknown,2,2019-10-11,616,379
unknown,3,2019-10-11,512,297
unknown,4,2019-10-11,198,125
accessories,1,2019-10-12,1,1
accessories,2,2019-10-12,2,1
appliances,1,2019-10-12,156,98
appliances,2,2019-10-12,286,150
appliances,3,2019-10-12,185,115
appliances,4,2019-10-12,49,29
auto,1,2019-10-12,37,16
auto,2,2019-10-12,178,91
auto,3,2019-10-12,15,4
auto,4,2019-10-12,3,3
computers,1,2019-10-12,35,19
computers,2,2019-10-12,33,15
computers,3,2019-10-12,48,19
computers,4,2019-10-12,46,22
construction,1,2019-10-12,43,28
construction,2,2019-10-12,56,26
construction,3,2019-10-12,18,12
construction,4,2019-10-12,2,2
electronics,1,2019-10-12,310,171
electronics,2,2019-10-12,1981,860
electronics,3,2019-10-12,4698,2153
electronics,4,2019-10-12,3502,1572
furniture,1,2019-10-12,9,6
furniture,2,2019-10-12,17,8
furniture,3,2019-10-12,3,2
kids,2,2019-10-12,2,0
kids,3,2019-10-12,33,24
kids,4,2019-10-12,12,10
sport,1,2019-10-12,2,0
sport,2,2019-10-12,1,1
sport,3,2019-10-12,1,0
sport,4,2019-10-12,1,0
stationery,1,2019-10-12,1,1
stationery,2,2019-10-12,1,1
unknown,1,2019-10-12,35,22
unknown,2,2019-10-12,664,418
unknown,3,2019-10-12,518,289
unknown,4,2019-10-12,234,135
accessories,1,2019-10-13,5,4
accessories,2,2019-10-13,5,4
accessories,4,2019-10-13,1,0
appliances,1,2019-10-13,260,152
appliances,2,2019-10-13,417,235
appliances,3,2019-10-13,309,171
appliances,4,2019-10-13,110,70
auto,1,2019-10-13,35,17
auto,2,2019-10-13,154,65
auto,3,2019-10-13,23,12
auto,4,2019-10-13,3,2
computers,1,2019-10-13,32,25
computers,2,2019-10-13,70,40
computers,3,2019-10-13,80,51
computers,4,2019-10-13,137,81
construction,1,2019-10-13,71,46
construction,2,2019-10-13,80,38
construction,3,2019-10-13,17,10
construction,4,2019-10-13,10,7
country_yard,1,2019-10-13,1,0
electronics,1,2019-10-13,421,248
electronics,2,2019-10-13,2343,1014
electronics,3,2019-10-13,5346,2482
electronics,4,2019-10-13,4276,1973
furniture,1,2019-10-13,11,7
furniture,2,2019-10-13,24,12
furniture,3,2019-10-13,3,1
kids,1,2019-10-13,1,1
kids,2,2019-10-13,3,2
kids,3,2019-10-13,54,26
kids,4,2019-10-13,24,13
medicine,2,2019-10-13,1,0
medicine,3,2019-10-13,1,0
sport,1,2019-10-13,5,5
sport,2,2019-10-13,5,2
stationery,1,2019-10-13,5,3
stationery,3,2019-10-13,1,1
unknown,1,2019-10-13,51,37
unknown,2,2019-10-13,830,502
unknown,3,2019-10-13,587,343
unknown,4,2019-10-13,317,190
accessories,1,2019-10-14,8,8
accessories,2,2019-10-14,5,2
accessories,3,2019-10-14,4,2
accessories,4,2019-10-14,6,4
appliances,1,2019-10-14,1188,692
appliances,2,2019-10-14,1219,651
appliances,3,2019-10-14,1564,898
appliances,4,2019-10-14,419,260
auto,1,2019-10-14,33,20
auto,2,2019-10-14,158,81
auto,3,2019-10-14,13,6
auto,4,2019-10-14,1,0
computers,1,2019-10-14,91,64
computers,2,2019-10-14,189,119
computers,3,2019-10-14,368,209
computers,4,2019-10-14,547,338
construction,1,2019-10-14,142,104
construction,2,2019-10-14,219,135
construction,3,2019-10-14,72,46
construction,4,2019-10-14,21,15
electronics,1,2019-10-14,685,453
electronics,2,2019-10-14,3738,1694
electronics,3,2019-10-14,8355,4165
electronics,4,2019-10-14,7955,4090
furniture,1,2019-10-14,46,41
furniture,2,2019-10-14,26,18
furniture,3,2019-10-14,11,7
kids,1,2019-10-14,3,1
kids,2,2019-10-14,11,8
kids,3,2019-10-14,34,25
kids,4,2019-10-14,30,12
medicine,1,2019-10-14,2,2
medicine,2,2019-10-14,10,7
medicine,3,2019-10-14,12,8
medicine,4,2019-10-14,1,1
sport,1,2019-10-14,11,8
sport,2,2019-10-14,15,10
sport,3,2019-10-14,3,2
sport,4,2019-10-14,3,2
stationery,1,2019-10-14,4,2
stationery,2,2019-10-14,1,1
stationery,3,2019-10-14,1,1
unknown,1,2019-10-14,206,134
unknown,2,2019-10-14,1373,905
unknown,3,2019-10-14,1469,922
unknown,4,2019-10-14,980,639
accessories,1,2019-10-15,11,9
accessories,2,2019-10-15,4,3
accessories,3,2019-10-15,4,1
accessories,4,2019-10-15,1,1
apparel,4,2019-10-15,2,0
appliances,1,2019-10-15,1231,776
appliances,2,2019-10-15,1410,880
appliances,3,2019-10-15,1659,1116
appliances,4,2019-10-15,423,279
auto,1,2019-10-15,37,23
auto,2,2019-10-15,208,128
auto,3,2019-10-15,26,14
computers,1,2019-10-15,116,73
computers,2,2019-10-15,234,153
computers,3,2019-10-15,411,255
computers,4,2019-10-15,541,344
construction,1,2019-10-15,153,98
construction,2,2019-10-15,218,141
construction,3,2019-10-15,58,35
construction,4,2019-10-15,15,11
country_yard,1,2019-10-15,1,0
electronics,1,2019-10-15,839,572
electronics,2,2019-10-15,4055,2160
electronics,3,2019-10-15,8896,5054
electronics,4,2019-10-15,8977,5222
furniture,1,2019-10-15,72,51
furniture,2,2019-10-15,45,26
furniture,3,2019-10-15,13,8
furniture,4,2019-10-15,1,0
kids,1,2019-10-15,15,13
kids,2,2019-10-15,22,14
kids,3,2019-10-15,43,28
kids,4,2019-10-15,31,26
medicine,1,2019-10-15,1,1
medicine,2,2019-10-15,12,7
medicine,3,2019-10-15,7,5
sport,1,2019-10-15,9,4
sport,2,2019-10-15,32,24
sport,3,2019-10-15,1,1
sport,4,2019-10-15,2,2
stationery,1,2019-10-15,1,1
stationery,2,2019-10-15,1,0
stationery,3,2019-10-15,1,1
unknown,1,2019-10-15,209,147
unknown,2,2019-10-15,1429,968
unknown,3,2019-10-15,1717,1161
unknown,4,2019-10-15,1088,729
accessories,1,2019-10-16,9,7
accessories,2,2019-10-16,6,4
accessories,3,2019-10-16,1,0
accessories,4,2019-10-16,4,3
appliances,1,2019-10-16,1148,648
appliances,2,2019-10-16,1132,587
appliances,3,2019-10-16,1302,767
appliances,4,2019-10-16,342,204
auto,1,2019-10-16,36,25
auto,2,2019-10-16,186,112
auto,3,2019-10-16,17,6
auto,4,2019-10-16,3,3
computers,1,2019-10-16,112,75
computers,2,2019-10-16,197,96
computers,3,2019-10-16,392,213
computers,4,2019-10-16,491,251
construction,1,2019-10-16,128,82
construction,2,2019-10-16,210,119
construction,3,2019-10-16,53,32
construction,4,2019-10-16,16,14
electronics,1,2019-10-16,757,468
electronics,2,2019-10-16,4162,1840
electronics,3,2019-10-16,8530,4025
electronics,4,2019-10-16,7746,3724
furniture,1,2019-10-16,79,53
furniture,2,2019-10-16,53,30
furniture,3,2019-10-16,7,1
furniture,4,2019-10-16,1,1
kids,1,2019-10-16,8,7
kids,2,2019-10-16,23,17
kids,3,2019-10-16,46,26
kids,4,2019-10-16,34,16
medicine,1,2019-10-16,7,3
medicine,2,2019-10-16,9,4
medicine,3,2019-10-16,11,6
medicine,4,2019-10-16,1,1
sport,1,2019-10-16,12,6
sport,2,2019-10-16,18,15
sport,3,2019-10-16,1,1
sport,4,2019-10-16,3,3
stationery,1,2019-10-16,2,2
stationery,3,2019-10-16,1,1
unknown,1,2019-10-16,192,118
unknown,2,2019-10-16,1377,817
unknown,3,2019-10-16,1681,1043
unknown,4,2019-10-16,973,592
accessories,1,2019-10-17,16,8
accessories,2,2019-10-17,3,2
accessories,3,2019-10-17,1,1
accessories,4,2019-10-17,4,1
apparel,1,2019-10-17,1,1
appliances,1,2019-10-17,1000,562
appliances,2,2019-10-17,1040,531
appliances,3,2019-10-17,1140,656
appliances,4,2019-10-17,311,182
auto,1,2019-10-17,31,18
auto,2,2019-10-17,148,81
auto,3,2019-10-17,12,9
auto,4,2019-10-17,5,4
computers,1,2019-10-17,99,71
computers,2,2019-10-17,154,95
computers,3,2019-10-17,359,193
computers,4,2019-10-17,376,200
construction,1,2019-10-17,125,78
construction,2,2019-10-17,186,96
construction,3,2019-10-17,45,23
construction,4,2019-10-17,15,13
country_yard,1,2019-10-17,1,1
country_yard,2,2019-10-17,1,1
electronics,1,2019-10-17,684,398
electronics,2,2019-10-17,3737,1612
electronics,3,2019-10-17,7413,3524
electronics,4,2019-10-17,7180,3365
furniture,1,2019-10-17,70,39
furniture,2,2019-10-17,36,19
furniture,3,2019-10-17,6,4
furniture,4,2019-10-17,1,0
kids,1,2019-10-17,8,5
kids,2,2019-10-17,18,11
kids,3,2019-10-17,45,28
kids,4,2019-10-17,26,18
medicine,1,2019-10-17,10,8
medicine,2,2019-10-17,2,2
medicine,3,2019-10-17,4,2
medicine,4,2019-10-17,1,1
sport,1,2019-10-17,16,11
sport,2,2019-10-17,17,14
sport,3,2019-10-17,3,1
sport,4,2019-10-17,5,4
stationery,1,2019-10-17,3,2
stationery,3,2019-10-17,2,1
unknown,1,2019-10-17,175,112
unknown,2,2019-10-17,1371,820
unknown,3,2019-10-17,1376,853
unknown,4,2019-10-17,854,482
accessories,1,2019-10-18,8,4
accessories,2,2019-10-18,2,0
accessories,3,2019-10-18,1,1
accessories,4,2019-10-18,4,3
apparel,4,2019-10-18,1,0
appliances,1,2019-10-18,944,530
appliances,2,2019-10-18,1054,568
appliances,3,2019-10-18,1064,640
appliances,4,2019-10-18,310,191
auto,1,2019-10-18,37,22
auto,2,2019-10-18,154,86
auto,3,2019-10-18,19,15
computers,1,2019-10-18,93,63
computers,2,2019-10-18,121,66
computers,3,2019-10-18,398,213
computers,4,2019-10-18,320,191
construction,1,2019-10-18,113,64
construction,2,2019-10-18,153,79
construction,3,2019-10-18,39,21
construction,4,2019-10-18,7,6
country_yard,1,2019-10-18,2,0
electronics,1,2019-10-18,614,374
electronics,2,2019-10-18,3317,1564
electronics,3,2019-10-18,7252,3594
electronics,4,2019-10-18,7167,3581
furniture,1,2019-10-18,48,24
furniture,2,2019-10-18,34,22
furniture,3,2019-10-18,3,1
furniture,4,2019-10-18,3,2
kids,1,2019-10-18,3,3
kids,2,2019-10-18,26,21
kids,3,2019-10-18,50,36
kids,4,2019-10-18,26,17
medicine,1,2019-10-18,2,0
medicine,2,2019-10-18,6,5
medicine,3,2019-10-18,8,5
sport,1,2019-10-18,23,14
sport,2,2019-10-18,20,16
sport,3,2019-10-18,3,3
sport,4,2019-10-18,4,4
stationery,1,2019-10-18,1,1
unknown,1,2019-10-18,199,133
unknown,2,2019-10-18,1338,802
unknown,3,2019-10-18,1370,869
unknown,4,2019-10-18,879,531
accessories,1,2019-10-19,6,6
accessories,2,2019-10-19,5,3
accessories,3,2019-10-19,1,1
accessories,4,2019-10-19,5,4
appliances,1,2019-10-19,966,524
appliances,2,2019-10-19,1022,542
appliances,3,2019-10-19,1131,672
appliances,4,2019-10-19,312,200
auto,1,2019-10-19,35,22
auto,2,2019-10-19,145,79
auto,3,2019-10-19,11,7
auto,4,2019-10-19,1,1
computers,1,2019-10-19,66,43
computers,2,2019-10-19,109,77
computers,3,2019-10-19,368,214
computers,4,2019-10-19,284,170
construction,1,2019-10-19,111,70
construction,2,2019-10-19,143,73
construction,3,2019-10-19,47,27
construction,4,2019-10-19,8,4
country_yard,3,2019-10-19,2,2
electronics,1,2019-10-19,659,399
electronics,2,2019-10-19,3505,1652
electronics,3,2019-10-19,7430,3829
electronics,4,2019-10-19,6933,3634
furniture,1,2019-10-19,59,42
furniture,2,2019-10-19,43,26
furniture,3,2019-10-19,2,1
kids,1,2019-10-19,2,2
kids,2,2019-10-19,19,15
kids,3,2019-10-19,31,26
kids,4,2019-10-19,21,16
medicine,1,2019-10-19,9,7
medicine,2,2019-10-19,4,3
medicine,3,2019-10-19,9,7
medicine,4,2019-10-19,1,0
sport,1,2019-10-19,23,13
sport,2,2019-10-19,24,15
sport,3,2019-10-19,4,3
sport,4,2019-10-19,4,3
stationery,1,2019-10-19,1,1
stationery,2,2019-10-19,1,0
stationery,3,2019-10-19,1,1
unknown,1,2019-10-19,174,118
unknown,2,2019-10-19,1315,793
unknown,3,2019-10-19,1340,858
unknown,4,2019-10-19,761,474
accessories,1,2019-10-20,12,9
accessories,3,2019-10-20,2,1
accessories,4,2019-10-20,3,3
appliances,1,2019-10-20,989,533
appliances,2,2019-10-20,1163,648
appliances,3,2019-10-20,1100,649
appliances,4,2019-10-20,390,248
auto,1,2019-10-20,35,15
auto,2,2019-10-20,123,72
auto,3,2019-10-20,10,3
auto,4,2019-10-20,2,2
computers,1,2019-10-20,68,45
computers,2,2019-10-20,151,106
computers,3,2019-10-20,339,188
computers,4,2019-10-20,306,174
construction,1,2019-10-20,126,77
construction,2,2019-10-20,157,72
construction,3,2019-10-20,65,34
construction,4,2019-10-20,13,11
country_yard,1,2019-10-20,2,1
country_yard,3,2019-10-20,1,0
electronics,1,2019-10-20,668,429
electronics,2,2019-10-20,3455,1619
electronics,3,2019-10-20,7171,3567
electronics,4,2019-10-20,6968,3647
furniture,1,2019-10-20,38,26
furniture,2,2019-10-20,45,26
furniture,3,2019-10-20,4,3
kids,1,2019-10-20,5,4
kids,2,2019-10-20,27,19
kids,3,2019-10-20,33,21
kids,4,2019-10-20,27,18
medicine,1,2019-10-20,5,2
medicine,2,2019-10-20,8,4
medicine,3,2019-10-20,3,1
medicine,4,2019-10-20,3,1
sport,1,2019-10-20,11,7
sport,2,2019-10-20,29,20
sport,3,2019-10-20,1,1
sport,4,2019-10-20,1,1
stationery,1,2019-10-20,4,2
stationery,2,2019-10-20,2,1
stationery,3,2019-10-20,1,0
unknown,1,2019-10-20,208,125
unknown,2,2019-10-20,1363,853
unknown,3,2019-10-20,1514,927
unknown,4,2019-10-20,820,496
accessories,1,2019-10-21,7,6
accessories,2,2019-10-21,4,3
accessories,3,2019-10-21,1,1
accessories,4,2019-10-21,6,3
appliances,1,2019-10-21,867,521
appliances,2,2019-10-21,942,475
appliances,3,2019-10-21,951,573
appliances,4,2019-10-21,322,198
auto,1,2019-10-21,42,25
auto,2,2019-10-21,151,89
auto,3,2019-10-21,12,9
auto,4,2019-10-21,2,2
computers,1,2019-10-21,88,56
computers,2,2019-10-21,137,75
computers,3,2019-10-21,353,211
computers,4,2019-10-21,275,168
construction,1,2019-10-21,131,88
construction,2,2019-10-21,184,117
construction,3,2019-10-21,36,23
construction,4,2019-10-21,10,6
country_yard,1,2019-10-21,1,1
country_yard,3,2019-10-21,1,1
electronics,1,2019-10-21,521,305
electronics,2,2019-10-21,3183,1498
electronics,3,2019-10-21,6651,3231
electronics,4,2019-10-21,6631,3255
furniture,1,2019-10-21,37,29
furniture,2,2019-10-21,43,22
furniture,3,2019-10-21,6,5
kids,1,2019-10-21,3,2
kids,2,2019-10-21,13,9
kids,3,2019-10-21,31,20
kids,4,2019-10-21,16,8
medicine,1,2019-10-21,9,7
medicine,2,2019-10-21,4,1
medicine,3,2019-10-21,4,3
sport,1,2019-10-21,15,13
sport,2,2019-10-21,38,28
sport,4,2019-10-21,3,3
stationery,1,2019-10-21,2,1
stationery,2,2019-10-21,1,1
unknown,1,2019-10-21,162,120
unknown,2,2019-10-21,1248,789
unknown,3,2019-10-21,1352,835
unknown,4,2019-10-21,715,430
accessories,1,2019-10-22,9,3
accessories,2,2019-10-22,5,4
accessories,3,2019-10-22,1,0
accessories,4,2019-10-22,1,0
appliances,1,2019-10-22,995,560
appliances,2,2019-10-22,998,561
appliances,3,2019-10-22,1001,584
appliances,4,2019-10-22,316,219
auto,1,2019-10-22,36,20
auto,2,2019-10-22,202,110
auto,3,2019-10-22,9,6
auto,4,2019-10-22,2,0
computers,1,2019-10-22,80,61
computers,2,2019-10-22,143,85
computers,3,2019-10-22,371,209
computers,4,2019-10-22,291,174
construction,1,2019-10-22,99,57
construction,2,2019-10-22,172,98
construction,3,2019-10-22,47,27
construction,4,2019-10-22,22,18
country_yard,3,2019-10-22,1,0
electronics,1,2019-10-22,571,358
electronics,2,2019-10-22,3211,1457
electronics,3,2019-10-22,6682,3209
electronics,4,2019-10-22,6653,3205
furniture,1,2019-10-22,31,20
furniture,2,2019-10-22,22,12
furniture,3,2019-10-22,9,2
kids,1,2019-10-22,3,2
kids,2,2019-10-22,19,12
kids,3,2019-10-22,39,23
kids,4,2019-10-22,29,18
medicine,1,2019-10-22,3,3
medicine,2,2019-10-22,11,4
medicine,3,2019-10-22,10,6
medicine,4,2019-10-22,1,1
sport,1,2019-10-22,4,2
sport,2,2019-10-22,19,10
stationery,1,2019-10-22,2,2
stationery,2,2019-10-22,2,2
stationery,3,2019-10-22,1,1
unknown,1,2019-10-22,154,97
unknown,2,2019-10-22,1234,769
unknown,3,2019-10-22,1251,753
unknown,4,2019-10-22,695,417
accessories,1,2019-10-23,11,6
accessories,2,2019-10-23,5,1
accessories,4,2019-10-23,1,1
appliances,1,2019-10-23,951,543
appliances,2,2019-10-23,964,494
appliances,3,2019-10-23,1002,600
appliances,4,2019-10-23,326,191
auto,1,2019-10-23,40,23
auto,2,2019-10-23,190,100
auto,3,2019-10-23,18,9
auto,4,2019-10-23,3,1
computers,1,2019-10-23,86,48
computers,2,2019-10-23,158,87
computers,3,2019-10-23,367,210
computers,4,2019-10-23,309,189
construction,1,2019-10-23,115,72
construction,2,2019-10-23,163,99
construction,3,2019-10-23,45,20
construction,4,2019-10-23,19,13
country_yard,3,2019-10-23,2,1
electronics,1,2019-10-23,553,345
electronics,2,2019-10-23,3308,1548
electronics,3,2019-10-23,6459,3206
electronics,4,2019-10-23,6744,3278
furniture,1,2019-10-23,47,26
furniture,2,2019-10-23,56,36
furniture,3,2019-10-23,2,2
furniture,4,2019-10-23,1,1
kids,1,2019-10-23,2,2
kids,2,2019-10-23,18,10
kids,3,2019-10-23,39,20
kids,4,2019-10-23,13,10
medicine,1,2019-10-23,1,0
medicine,2,2019-10-23,12,9
medicine,3,2019-10-23,15,12
sport,1,2019-10-23,16,9
sport,2,2019-10-23,38,26
sport,3,2019-10-23,13,8
sport,4,2019-10-23,4,4
stationery,1,2019-10-23,4,3
stationery,3,2019-10-23,1,1
unknown,1,2019-10-23,166,108
unknown,2,2019-10-23,1223,767
unknown,3,2019-10-23,1251,801
unknown,4,2019-10-23,671,433
accessories,1,2019-10-24,10,3
accessories,2,2019-10-24,4,2
accessories,3,2019-10-24,1,0
accessories,4,2019-10-24,7,5
apparel,1,2019-10-24,2,0
appliances,1,2019-10-24,835,470
appliances,2,2019-10-24,910,480
appliances,3,2019-10-24,961,560
appliances,4,2019-10-24,311,200
auto,1,2019-10-24,43,28
auto,2,2019-10-24,145,79
auto,3,2019-10-24,18,10
auto,4,2019-10-24,3,2
computers,1,2019-10-24,81,46
computers,2,2019-10-24,143,83
computers,3,2019-10-24,323,178
computers,4,2019-10-24,320,177
construction,1,2019-10-24,102,67
construction,2,2019-10-24,167,89
construction,3,2019-10-24,54,28
construction,4,2019-10-24,13,10
country_yard,1,2019-10-24,2,2
electronics,1,2019-10-24,520,305
electronics,2,2019-10-24,3284,1515
electronics,3,2019-10-24,6312,3171
electronics,4,2019-10-24,6437,3143
furniture,1,2019-10-24,36,23
furniture,2,2019-10-24,41,30
furniture,3,2019-10-24,8,5
kids,1,2019-10-24,7,4
kids,2,2019-10-24,13,7
kids,3,2019-10-24,41,25
kids,4,2019-10-24,27,21
medicine,1,2019-10-24,4,3
medicine,2,2019-10-24,7,3
medicine,3,2019-10-24,9,4
medicine,4,2019-10-24,1,1
sport,1,2019-10-24,28,16
sport,2,2019-10-24,55,37
sport,3,2019-10-24,1,1
sport,4,2019-10-24,2,2
unknown,1,2019-10-24,155,105
unknown,2,2019-10-24,1170,708
unknown,3,2019-10-24,1199,677
unknown,4,2019-10-24,667,409
accessories,1,2019-10-25,4,2
accessories,2,2019-10-25,4,2
accessories,3,2019-10-25,2,0
accessories,4,2019-10-25,4,3
apparel,1,2019-10-25,2,0
appliances,1,2019-10-25,899,524
appliances,2,2019-10-25,975,555
appliances,3,2019-10-25,1083,650
appliances,4,2019-10-25,359,239
auto,1,2019-10-25,27,14
auto,2,2019-10-25,118,73
auto,3,2019-10-25,15,6
computers,1,2019-10-25,83,58
computers,2,2019-10-25,173,98
computers,3,2019-10-25,341,190
computers,4,2019-10-25,284,172
construction,1,2019-10-25,120,79
construction,2,2019-10-25,157,99
construction,3,2019-10-25,35,23
construction,4,2019-10-25,26,15
country_yard,3,2019-10-25,1,1
electronics,1,2019-10-25,534,328
electronics,2,2019-10-25,3383,1578
electronics,3,2019-10-25,6981,3688
electronics,4,2019-10-25,6373,3359
furniture,1,2019-10-25,53,40
furniture,2,2019-10-25,56,31
furniture,3,2019-10-25,8,4
kids,1,2019-10-25,9,5
kids,2,2019-10-25,20,17
kids,3,2019-10-25,38,26
kids,4,2019-10-25,31,21
medicine,1,2019-10-25,4,2
medicine,2,2019-10-25,17,7
medicine,3,2019-10-25,11,9
sport,1,2019-10-25,19,12
sport,2,2019-10-25,50,29
sport,3,2019-10-25,1,0
sport,4,2019-10-25,5,4
stationery,1,2019-10-25,1,1
stationery,2,2019-10-25,4,4
unknown,1,2019-10-25,201,150
unknown,2,2019-10-25,1046,623
unknown,3,2019-10-25,1153,711
unknown,4,2019-10-25,710,431
accessories,1,2019-10-26,13,10
accessories,2,2019-10-26,5,0
accessories,3,2019-10-26,5,5
accessories,4,2019-10-26,8,5
apparel,1,2019-10-26,6,5
appliances,1,2019-10-26,889,513
appliances,2,2019-10-26,1028,537
appliances,3,2019-10-26,1118,647
appliances,4,2019-10-26,407,240
auto,1,2019-10-26,31,22
auto,2,2019-10-26,123,69
auto,3,2019-10-26,12,8
auto,4,2019-10-26,5,4
computers,1,2019-10-26,86,55
computers,2,2019-10-26,149,96
computers,3,2019-10-26,319,185
computers,4,2019-10-26,279,153
construction,1,2019-10-26,95,63
construction,2,2019-10-26,173,101
construction,3,2019-10-26,39,22
construction,4,2019-10-26,17,11
country_yard,1,2019-10-26,2,1
country_yard,3,2019-10-26,1,0
electronics,1,2019-10-26,481,323
electronics,2,2019-10-26,3198,1438
electronics,3,2019-10-26,6864,3536
electronics,4,2019-10-26,5838,3014
furniture,1,2019-10-26,44,32
furniture,2,2019-10-26,47,30
furniture,3,2019-10-26,2,0
kids,1,2019-10-26,6,6
kids,2,2019-10-26,19,15
kids,3,2019-10-26,42,31
kids,4,2019-10-26,13,8
medicine,1,2019-10-26,6,3
medicine,2,2019-10-26,7,4
medicine,3,2019-10-26,9,5
sport,1,2019-10-26,14,11
sport,2,2019-10-26,17,14
sport,4,2019-10-26,2,1
stationery,1,2019-10-26,3,2
stationery,2,2019-10-26,3,1
stationery,3,2019-10-26,2,0
unknown,1,2019-10-26,147,100
unknown,2,2019-10-26,991,625
unknown,3,2019-10-26,1062,687
unknown,4,2019-10-26,730,455
accessories,1,2019-10-27,17,13
accessories,2,2019-10-27,1,0
accessories,3,2019-10-27,2,2
accessories,4,2019-10-27,2,1
apparel,1,2019-10-27,8,7
appliances,1,2019-10-27,876,494
appliances,2,2019-10-27,1074,507
appliances,3,2019-10-27,1069,594
appliances,4,2019-10-27,349,215
auto,1,2019-10-27,38,19
auto,2,2019-10-27,87,46
auto,3,2019-10-27,13,10
auto,4,2019-10-27,1,0
computers,1,2019-10-27,76,47
computers,2,2019-10-27,135,77
computers,3,2019-10-27,324,173
computers,4,2019-10-27,273,153
construction,1,2019-10-27,81,51
construction,2,2019-10-27,125,73
construction,3,2019-10-27,39,20
construction,4,2019-10-27,13,9
country_yard,1,2019-10-27,1,1
country_yard,3,2019-10-27,2,1
electronics,1,2019-10-27,490,299
electronics,2,2019-10-27,3002,1387
electronics,3,2019-10-27,6682,3259
electronics,4,2019-10-27,5921,2961
furniture,1,2019-10-27,35,23
furniture,2,2019-10-27,39,21
furniture,3,2019-10-27,8,4
furniture,4,2019-10-27,1,0
kids,1,2019-10-27,6,5
kids,2,2019-10-27,11,7
kids,3,2019-10-27,40,19
kids,4,2019-10-27,23,16
medicine,1,2019-10-27,11,6
medicine,2,2019-10-27,2,1
medicine,3,2019-10-27,11,8
medicine,4,2019-10-27,1,1
sport,1,2019-10-27,16,11
sport,2,2019-10-27,25,16
sport,3,2019-10-27,1,1
stationery,1,2019-10-27,5,3
stationery,2,2019-10-27,2,2
unknown,1,2019-10-27,139,93
unknown,2,2019-10-27,929,579
unknown,3,2019-10-27,994,611
unknown,4,2019-10-27,648,367
accessories,1,2019-10-28,3,2
accessories,2,2019-10-28,2,1
appliances,1,2019-10-28,95,57
appliances,2,2019-10-28,228,103
appliances,3,2019-10-28,108,55
appliances,4,2019-10-28,42,22
auto,1,2019-10-28,29,12
auto,2,2019-10-28,79,38
auto,3,2019-10-28,7,4
auto,4,2019-10-28,6,3
computers,1,2019-10-28,25,16
computers,2,2019-10-28,22,13
computers,3,2019-10-28,68,32
computers,4,2019-10-28,37,17
construction,1,2019-10-28,31,15
construction,2,2019-10-28,73,35
construction,3,2019-10-28,15,10
construction,4,2019-10-28,1,1
country_yard,1,2019-10-28,1,0
electronics,1,2019-10-28,312,183
electronics,2,2019-10-28,1987,818
electronics,3,2019-10-28,4139,1803
electronics,4,2019-10-28,3520,1443
furniture,1,2019-10-28,4,3
furniture,2,2019-10-28,10,8
furniture,3,2019-10-28,4,2
kids,1,2019-10-28,1,1
kids,2,2019-10-28,2,2
kids,3,2019-10-28,11,5
kids,4,2019-10-28,13,9
medicine,2,2019-10-28,2,1
medicine,3,2019-10-28,4,4
unknown,1,2019-10-28,31,23
unknown,2,2019-10-28,456,294
unknown,3,2019-10-28,384,217
unknown,4,2019-10-28,179,101
accessories,1,2019-10-29,6,4
accessories,2,2019-10-29,1,1
appliances,1,2019-10-29,120,66
appliances,2,2019-10-29,217,126
appliances,3,2019-10-29,123,67
appliances,4,2019-10-29,46,24
auto,1,2019-10-29,25,15
auto,2,2019-10-29,69,42
auto,3,2019-10-29,9,7
auto,4,2019-10-29,3,2
computers,1,2019-10-29,25,14
computers,2,2019-10-29,48,34
computers,3,2019-10-29,89,36
computers,4,2019-10-29,44,22
construction,1,2019-10-29,34,19
construction,2,2019-10-29,60,24
construction,3,2019-10-29,11,8
construction,4,2019-10-29,6,3
electronics,1,2019-10-29,277,173
electronics,2,2019-10-29,1900,805
electronics,3,2019-10-29,3817,1714
electronics,4,2019-10-29,3477,1433
furniture,1,2019-10-29,3,1
furniture,2,2019-10-29,13,11
furniture,3,2019-10-29,2,1
kids,3,2019-10-29,10,6
kids,4,2019-10-29,7,4
medicine,3,2019-10-29,5,2
stationery,3,2019-10-29,1,1
unknown,1,2019-10-29,27,20
unknown,2,2019-10-29,479,299
unknown,3,2019-10-29,402,251
unknown,4,2019-10-29,182,88
accessories,1,2019-10-30,5,4
accessories,2,2019-10-30,1,1
accessories,4,2019-10-30,1,1
appliances,1,2019-10-30,97,61
appliances,2,2019-10-30,218,104
appliances,3,2019-10-30,123,75
appliances,4,2019-10-30,51,34
auto,1,2019-10-30,32,17
auto,2,2019-10-30,74,45
auto,3,2019-10-30,5,2
auto,4,2019-10-30,1,1
computers,1,2019-10-30,26,17
computers,2,2019-10-30,48,24
computers,3,2019-10-30,79,28
computers,4,2019-10-30,35,15
construction,1,2019-10-30,29,19
construction,2,2019-10-30,59,33
construction,3,2019-10-30,10,5
construction,4,2019-10-30,1,0
country_yard,1,2019-10-30,3,2
electronics,1,2019-10-30,269,157
electronics,2,2019-10-30,1864,772
electronics,3,2019-10-30,3793,1704
electronics,4,2019-10-30,3599,1403
furniture,2,2019-10-30,11,7
furniture,3,2019-10-30,3,2
kids,2,2019-10-30,1,0
kids,3,2019-10-30,13,5
kids,4,2019-10-30,4,3
medicine,2,2019-10-30,1,1
medicine,3,2019-10-30,3,2
unknown,1,2019-10-30,27,22
unknown,2,2019-10-30,419,251
unknown,3,2019-10-30,459,258
unknown,4,2019-10-30,163,89
accessories,1,2019-10-31,3,2
accessories,2,2019-10-31,1,0
appliances,1,2019-10-31,92,52
appliances,2,2019-10-31,192,96
appliances,3,2019-10-31,112,74
appliances,4,2019-10-31,29,17
auto,1,2019-10-31,24,17
auto,2,2019-10-31,72,33
auto,3,2019-10-31,7,4
computers,1,2019-10-31,23,14
computers,2,2019-10-31,44,34
computers,3,2019-10-31,68,32
computers,4,2019-10-31,32,11
construction,1,2019-10-31,41,22
construction,2,2019-10-31,50,22
construction,3,2019-10-31,11,8
construction,4,2019-10-31,5,2
electronics,1,2019-10-31,259,174
electronics,2,2019-10-31,1888,809
electronics,3,2019-10-31,3638,1550
electronics,4,2019-10-31,3705,1557
furniture,1,2019-10-31,4,2
furniture,2,2019-10-31,9,4
furniture,3,2019-10-31,5,3
kids,3,2019-10-31,19,9
kids,4,2019-10-31,5,4
medicine,2,2019-10-31,4,3
medicine,3,2019-10-31,4,4
sport,2,2019-10-31,3,0
sport,3,2019-10-31,2,2
sport,4,2019-10-31,1,1
unknown,1,2019-10-31,27,17
unknown,2,2019-10-31,505,302
unknown,3,2019-10-31,426,257
unknown,4,2019-10-31,168,94
accessories,1,2019-11-01,5,2
accessories,4,2019-11-01,1,1
apparel,3,2019-11-01,1,1
appliances,1,2019-11-01,80,38
appliances,2,2019-11-01,259,117
appliances,3,2019-11-01,142,76
appliances,4,2019-11-01,45,23
auto,1,2019-11-01,21,17
auto,2,2019-11-01,84,41
auto,3,2019-11-01,7,6
auto,4,2019-11-01,8,3
computers,1,2019-11-01,27,15
computers,2,2019-11-01,45,25
computers,3,2019-11-01,87,39
computers,4,2019-11-01,31,20
construction,1,2019-11-01,42,28
construction,2,2019-11-01,42,28
construction,3,2019-11-01,15,8
construction,4,2019-11-01,4,3
electronics,1,2019-11-01,282,184
electronics,2,2019-11-01,1924,839
electronics,3,2019-11-01,4134,1832
electronics,4,2019-11-01,4242,1855
furniture,1,2019-11-01,4,2
furniture,2,2019-11-01,7,5
furniture,3,2019-11-01,1,1
kids,2,2019-11-01,1,1
kids,3,2019-11-01,23,13
kids,4,2019-11-01,9,8
medicine,2,2019-11-01,1,0
medicine,3,2019-11-01,2,1
sport,3,2019-11-01,1,1
stationery,2,2019-11-01,1,1
unknown,1,2019-11-01,45,24
unknown,2,2019-11-01,617,385
unknown,3,2019-11-01,594,362
unknown,4,2019-11-01,241,132
accessories,1,2019-11-02,3,3
appliances,1,2019-11-02,91,56
appliances,2,2019-11-02,268,134
appliances,3,2019-11-02,145,81
appliances,4,2019-11-02,59,35
auto,1,2019-11-02,24,20
auto,2,2019-11-02,86,49
auto,3,2019-11-02,5,4
auto,4,2019-11-02,4,4
computers,1,2019-11-02,28,18
computers,2,2019-11-02,36,21
computers,3,2019-11-02,91,40
computers,4,2019-11-02,38,19
construction,1,2019-11-02,45,27
construction,2,2019-11-02,45,17
construction,3,2019-11-02,7,4
construction,4,2019-11-02,4,3
electronics,1,2019-11-02,289,192
electronics,2,2019-11-02,2002,839
electronics,3,2019-11-02,4179,1921
electronics,4,2019-11-02,3897,1769
furniture,1,2019-11-02,7,5
furniture,2,2019-11-02,10,8
kids,2,2019-11-02,1,0
kids,3,2019-11-02,19,16
kids,4,2019-11-02,8,5
medicine,2,2019-11-02,6,5
medicine,3,2019-11-02,4,4
sport,2,2019-11-02,1,1
stationery,3,2019-11-02,1,1
unknown,1,2019-11-02,24,14
unknown,2,2019-11-02,618,385
unknown,3,2019-11-02,655,405
unknown,4,2019-11-02,208,124
accessories,1,2019-11-03,7,5
appliances,1,2019-11-03,109,66
appliances,2,2019-11-03,271,147
appliances,3,2019-11-03,150,88
appliances,4,2019-11-03,57,28
auto,1,2019-11-03,15,12
auto,2,2019-11-03,102,61
auto,3,2019-11-03,14,8
auto,4,2019-11-03,3,3
computers,1,2019-11-03,33,19
computers,2,2019-11-03,30,22
computers,3,2019-11-03,108,62
computers,4,2019-11-03,49,25
construction,1,2019-11-03,42,28
construction,2,2019-11-03,66,39
construction,3,2019-11-03,12,6
construction,4,2019-11-03,3,2
electronics,1,2019-11-03,302,182
electronics,2,2019-11-03,1933,819
electronics,3,2019-11-03,4240,1858
electronics,4,2019-11-03,4236,1984
furniture,1,2019-11-03,9,4
furniture,2,2019-11-03,5,3
furniture,3,2019-11-03,1,1
kids,3,2019-11-03,10,4
kids,4,2019-11-03,11,5
medicine,2,2019-11-03,2,2
medicine,3,2019-11-03,3,2
sport,1,2019-11-03,1,1
sport,3,2019-11-03,1,0
sport,4,2019-11-03,1,1
stationery,1,2019-11-03,2,1
stationery,3,2019-11-03,1,1
unknown,1,2019-11-03,34,25
unknown,2,2019-11-03,619,380
unknown,3,2019-11-03,617,420
unknown,4,2019-11-03,232,136
accessories,1,2019-11-04,6,5
appliances,1,2019-11-04,143,75
appliances,2,2019-11-04,253,121
appliances,3,2019-11-04,165,100
appliances,4,2019-11-04,76,42
auto,1,2019-11-04,33,16
auto,2,2019-11-04,104,63
auto,3,2019-11-04,13,7
auto,4,2019-11-04,2,0
computers,1,2019-11-04,31,24
computers,2,2019-11-04,70,45
computers,3,2019-11-04,101,48
computers,4,2019-11-04,49,30
construction,1,2019-11-04,43,24
construction,2,2019-11-04,73,37
construction,3,2019-11-04,16,10
construction,4,2019-11-04,5,4
country_yard,1,2019-11-04,1,1
electronics,1,2019-11-04,305,174
electronics,2,2019-11-04,2143,932
electronics,3,2019-11-04,4528,2026
electronics,4,2019-11-04,4958,2290
furniture,1,2019-11-04,10,6
furniture,2,2019-11-04,6,5
furniture,3,2019-11-04,5,4
kids,2,2019-11-04,2,1
kids,3,2019-11-04,30,18
kids,4,2019-11-04,7,5
medicine,2,2019-11-04,4,3
medicine,3,2019-11-04,6,4
sport,4,2019-11-04,1,1
stationery,1,2019-11-04,1,0
unknown,1,2019-11-04,31,22
unknown,2,2019-11-04,745,436
unknown,3,2019-11-04,984,584
unknown,4,2019-11-04,309,179
accessories,1,2019-11-05,6,3
accessories,2,2019-11-05,1,1
appliances,1,2019-11-05,147,84
appliances,2,2019-11-05,222,121
appliances,3,2019-11-05,148,92
appliances,4,2019-11-05,42,23
auto,1,2019-11-05,29,16
auto,2,2019-11-05,98,57
auto,3,2019-11-05,13,6
auto,4,2019-11-05,1,1
computers,1,2019-11-05,24,15
computers,2,2019-11-05,35,21
computers,3,2019-11-05,87,43
computers,4,2019-11-05,41,22
construction,1,2019-11-05,33,22
construction,2,2019-11-05,51,30
construction,3,2019-11-05,13,7
construction,4,2019-11-05,3,2
country_yard,1,2019-11-05,1,0
electronics,1,2019-11-05,268,175
electronics,2,2019-11-05,2091,876
electronics,3,2019-11-05,4264,1891
electronics,4,2019-11-05,4335,1936
furniture,1,2019-11-05,10,8
furniture,2,2019-11-05,7,5
furniture,3,2019-11-05,2,1
kids,2,2019-11-05,2,2
kids,3,2019-11-05,19,10
kids,4,2019-11-05,11,5
medicine,2,2019-11-05,1,1
unknown,1,2019-11-05,28,22
unknown,2,2019-11-05,664,417
unknown,3,2019-11-05,794,462
unknown,4,2019-11-05,253,144
accessories,1,2019-11-06,2,1
accessories,2,2019-11-06,2,2
appliances,1,2019-11-06,135,70
appliances,2,2019-11-06,235,123
appliances,3,2019-11-06,156,80
appliances,4,2019-11-06,58,36
auto,1,2019-11-06,26,17
auto,2,2019-11-06,104,63
auto,3,2019-11-06,6,2
auto,4,2019-11-06,3,2
computers,1,2019-11-06,28,17
computers,2,2019-11-06,39,27
computers,3,2019-11-06,86,43
computers,4,2019-11-06,53,29
construction,1,2019-11-06,46,26
construction,2,2019-11-06,50,24
construction,3,2019-11-06,14,10
construction,4,2019-11-06,7,4
electronics,1,2019-11-06,336,202
electronics,2,2019-11-06,2145,862
electronics,3,2019-11-06,4353,1907
electronics,4,2019-11-06,4296,1849
furniture,1,2019-11-06,9,3
furniture,2,2019-11-06,9,5
furniture,3,2019-11-06,2,2
furniture,4,2019-11-06,5,5
kids,2,2019-11-06,2,2
kids,3,2019-11-06,19,13
kids,4,2019-11-06,8,5
medicine,2,2019-11-06,3,2
medicine,3,2019-11-06,3,1
sport,1,2019-11-06,3,3
sport,2,2019-11-06,2,1
sport,4,2019-11-06,1,0
stationery,1,2019-11-06,1,1
unknown,1,2019-11-06,42,21
unknown,2,2019-11-06,660,416
unknown,3,2019-11-06,688,386
unknown,4,2019-11-06,281,170
accessories,1,2019-11-07,3,2
accessories,2,2019-11-07,3,1
apparel,3,2019-11-07,1,1
appliances,1,2019-11-07,151,83
appliances,2,2019-11-07,244,129
appliances,3,2019-11-07,126,79
appliances,4,2019-11-07,66,33
auto,1,2019-11-07,33,21
auto,2,2019-11-07,140,80
auto,3,2019-11-07,9,5
auto,4,2019-11-07,3,3
computers,1,2019-11-07,30,19
computers,2,2019-11-07,40,26
computers,3,2019-11-07,91,46
computers,4,2019-11-07,53,30
construction,1,2019-11-07,53,39
construction,2,2019-11-07,58,31
construction,3,2019-11-07,8,6
construction,4,2019-11-07,6,6
electronics,1,2019-11-07,286,171
electronics,2,2019-11-07,2191,916
electronics,3,2019-11-07,4342,2024
electronics,4,2019-11-07,4224,1869
furniture,1,2019-11-07,9,3
furniture,2,2019-11-07,12,8
furniture,3,2019-11-07,8,4
kids,2,2019-11-07,1,0
kids,3,2019-11-07,28,15
kids,4,2019-11-07,6,4
medicine,2,2019-11-07,3,2
medicine,3,2019-11-07,4,2
sport,2,2019-11-07,1,1
sport,3,2019-11-07,1,0
sport,4,2019-11-07,1,0
unknown,1,2019-11-07,29,17
unknown,2,2019-11-07,636,362
unknown,3,2019-11-07,640,365
unknown,4,2019-11-07,231,140
accessories,1,2019-11-08,63,42
accessories,2,2019-11-08,55,34
accessories,3,2019-11-08,25,13
accessories,4,2019-11-08,10,5
apparel,1,2019-11-08,64,44
apparel,2,2019-11-08,193,123
apparel,3,2019-11-08,475,314
apparel,4,2019-11-08,371,262
appliances,1,2019-11-08,1648,909
appliances,2,2019-11-08,1712,946
appliances,3,2019-11-08,1450,830
appliances,4,2019-11-08,424,264
auto,1,2019-11-08,222,151
auto,2,2019-11-08,333,201
auto,3,2019-11-08,66,38
auto,4,2019-11-08,34,24
computers,1,2019-11-08,303,195
computers,2,2019-11-08,305,186
computers,3,2019-11-08,789,399
computers,4,2019-11-08,621,372
construction,1,2019-11-08,221,137
construction,2,2019-11-08,225,138
construction,3,2019-11-08,111,68
construction,4,2019-11-08,46,33
country_yard,1,2019-11-08,2,1
country_yard,3,2019-11-08,2,2
electronics,1,2019-11-08,1413,846
electronics,2,2019-11-08,4768,2276
electronics,3,2019-11-08,9420,4514
electronics,4,2019-11-08,9785,4514
furniture,1,2019-11-08,187,125
furniture,2,2019-11-08,218,130
furniture,3,2019-11-08,189,122
furniture,4,2019-11-08,154,104
kids,1,2019-11-08,38,22
kids,2,2019-11-08,66,35
kids,3,2019-11-08,209,107
kids,4,2019-11-08,67,44
medicine,1,2019-11-08,1,0
medicine,2,2019-11-08,7,4
medicine,3,2019-11-08,8,4
sport,1,2019-11-08,50,30
sport,2,2019-11-08,46,34
sport,3,2019-11-08,17,11
sport,4,2019-11-08,16,7
stationery,1,2019-11-08,8,5
stationery,2,2019-11-08,3,2
stationery,3,2019-11-08,6,4
unknown,1,2019-11-08,862,625
unknown,2,2019-11-08,5043,3276
unknown,3,2019-11-08,6607,4234
unknown,4,2019-11-08,4173,2511
accessories,1,2019-11-09,46,35
accessories,2,2019-11-09,46,33
accessories,3,2019-11-09,16,7
accessories,4,2019-11-09,10,10
apparel,1,2019-11-09,67,57
apparel,2,2019-11-09,216,151
apparel,3,2019-11-09,506,338
apparel,4,2019-11-09,369,245
appliances,1,2019-11-09,1614,910
appliances,2,2019-11-09,1542,850
appliances,3,2019-11-09,1410,826
appliances,4,2019-11-09,402,252
auto,1,2019-11-09,212,123
auto,2,2019-11-09,274,155
auto,3,2019-11-09,47,25
auto,4,2019-11-09,28,20
computers,1,2019-11-09,272,192
computers,2,2019-11-09,292,195
computers,3,2019-11-09,673,393
computers,4,2019-11-09,639,395
construction,1,2019-11-09,226,150
construction,2,2019-11-09,163,102
construction,3,2019-11-09,90,51
construction,4,2019-11-09,37,29
country_yard,1,2019-11-09,3,3
country_yard,2,2019-11-09,1,1
country_yard,3,2019-11-09,7,7
electronics,1,2019-11-09,1355,889
electronics,2,2019-11-09,4245,2043
electronics,3,2019-11-09,8577,4151
electronics,4,2019-11-09,8667,4144
furniture,1,2019-11-09,178,129
furniture,2,2019-11-09,205,138
furniture,3,2019-11-09,145,106
furniture,4,2019-11-09,158,111
kids,1,2019-11-09,39,28
kids,2,2019-11-09,71,49
kids,3,2019-11-09,185,107
kids,4,2019-11-09,46,31
medicine,1,2019-11-09,5,4
medicine,2,2019-11-09,7,4
medicine,3,2019-11-09,2,0
sport,1,2019-11-09,27,14
sport,2,2019-11-09,42,30
sport,3,2019-11-09,12,8
sport,4,2019-11-09,26,16
stationery,1,2019-11-09,16,10
stationery,2,2019-11-09,5,5
stationery,3,2019-11-09,3,2
unknown,1,2019-11-09,1031,752
unknown,2,2019-11-09,4940,3273
unknown,3,2019-11-09,6260,4109
unknown,4,2019-11-09,3756,2301
accessories,1,2019-11-10,51,32
accessories,2,2019-11-10,51,37
accessories,3,2019-11-10,26,19
accessories,4,2019-11-10,7,5
apparel,1,2019-11-10,61,47
apparel,2,2019-11-10,194,140
apparel,3,2019-11-10,554,351
apparel,4,2019-11-10,348,245
appliances,1,2019-11-10,1620,958
appliances,2,2019-11-10,1481,769
appliances,3,2019-11-10,1315,761
appliances,4,2019-11-10,394,248
auto,1,2019-11-10,217,132
auto,2,2019-11-10,274,157
auto,3,2019-11-10,51,27
auto,4,2019-11-10,26,19
computers,1,2019-11-10,280,184
computers,2,2019-11-10,309,199
computers,3,2019-11-10,791,446
computers,4,2019-11-10,506,322
construction,1,2019-11-10,280,184
construction,2,2019-11-10,183,124
construction,3,2019-11-10,96,62
construction,4,2019-11-10,48,40
country_yard,1,2019-11-10,1,1
country_yard,2,2019-11-10,1,0
country_yard,3,2019-11-10,1,1
electronics,1,2019-11-10,1341,836
electronics,2,2019-11-10,3984,1852
electronics,3,2019-11-10,8538,4225
electronics,4,2019-11-10,8619,4188
furniture,1,2019-11-10,157,108
furniture,2,2019-11-10,197,124
furniture,3,2019-11-10,157,108
furniture,4,2019-11-10,134,96
kids,1,2019-11-10,73,48
kids,2,2019-11-10,65,44
kids,3,2019-11-10,207,114
kids,4,2019-11-10,56,35
medicine,1,2019-11-10,6,2
medicine,2,2019-11-10,5,3
medicine,3,2019-11-10,7,6
sport,1,2019-11-10,34,18
sport,2,2019-11-10,53,36
sport,3,2019-11-10,24,19
sport,4,2019-11-10,26,18
stationery,1,2019-11-10,8,3
stationery,2,2019-11-10,9,6
stationery,3,2019-11-10,1,0
unknown,1,2019-11-10,1043,759
unknown,2,2019-11-10,5301,3525
unknown,3,2019-11-10,6768,4495
unknown,4,2019-11-10,3896,2392
accessories,1,2019-11-11,65,46
accessories,2,2019-11-11,47,29
accessories,3,2019-11-11,19,11
accessories,4,2019-11-11,20,12
apparel,1,2019-11-11,88,57
apparel,2,2019-11-11,187,128
apparel,3,2019-11-11,570,368
apparel,4,2019-11-11,378,264
appliances,1,2019-11-11,1719,998
appliances,2,2019-11-11,1449,780
appliances,3,2019-11-11,1197,730
appliances,4,2019-11-11,416,266
auto,1,2019-11-11,231,135
auto,2,2019-11-11,320,177
auto,3,2019-11-11,51,32
auto,4,2019-11-11,25,13
computers,1,2019-11-11,306,221
computers,2,2019-11-11,423,260
computers,3,2019-11-11,892,503
computers,4,2019-11-11,591,366
construction,1,2019-11-11,228,149
construction,2,2019-11-11,201,124
construction,3,2019-11-11,105,73
construction,4,2019-11-11,42,26
country_yard,1,2019-11-11,3,2
country_yard,2,2019-11-11,1,1
country_yard,3,2019-11-11,1,1
electronics,1,2019-11-11,1428,884
electronics,2,2019-11-11,4399,2092
electronics,3,2019-11-11,8722,4282
electronics,4,2019-11-11,9238,4322
furniture,1,2019-11-11,188,125
furniture,2,2019-11-11,214,134
furniture,3,2019-11-11,186,127
furniture,4,2019-11-11,126,89
kids,1,2019-11-11,55,38
kids,2,2019-11-11,70,38
kids,3,2019-11-11,225,130
kids,4,2019-11-11,61,37
medicine,1,2019-11-11,6,3
medicine,2,2019-11-11,7,5
medicine,3,2019-11-11,6,4
medicine,4,2019-11-11,1,0
sport,1,2019-11-11,38,18
sport,2,2019-11-11,40,30
sport,3,2019-11-11,18,11
sport,4,2019-11-11,17,8
stationery,1,2019-11-11,11,9
stationery,2,2019-11-11,8,3
stationery,3,2019-11-11,4,1
stationery,4,2019-11-11,1,1
unknown,1,2019-11-11,1166,792
unknown,2,2019-11-11,5373,3480
unknown,3,2019-11-11,7277,4685
unknown,4,2019-11-11,4166,2480
accessories,1,2019-11-12,63,39
accessories,2,2019-11-12,31,17
accessories,3,2019-11-12,12,9
accessories,4,2019-11-12,17,12
apparel,1,2019-11-12,80,58
apparel,2,2019-11-12,181,134
apparel,3,2019-11-12,473,310
apparel,4,2019-11-12,344,236
appliances,1,2019-11-12,1586,959
appliances,2,2019-11-12,1383,777
appliances,3,2019-11-12,1338,786
appliances,4,2019-11-12,420,285
auto,1,2019-11-12,187,120
auto,2,2019-11-12,297,180
auto,3,2019-11-12,59,35
auto,4,2019-11-12,37,25
computers,1,2019-11-12,263,177
computers,2,2019-11-12,299,189
computers,3,2019-11-12,876,535
computers,4,2019-11-12,595,383
construction,1,2019-11-12,204,137
construction,2,2019-11-12,173,115
construction,3,2019-11-12,105,74
construction,4,2019-11-12,64,45
country_yard,1,2019-11-12,4,3
country_yard,2,2019-11-12,2,0
country_yard,3,2019-11-12,4,4
electronics,1,2019-11-12,1357,852
electronics,2,2019-11-12,4172,1986
electronics,3,2019-11-12,8545,4287
electronics,4,2019-11-12,8972,4362
furniture,1,2019-11-12,173,106
furniture,2,2019-11-12,211,144
furniture,3,2019-11-12,181,120
furniture,4,2019-11-12,136,102
kids,1,2019-11-12,72,42
kids,2,2019-11-12,76,52
kids,3,2019-11-12,253,143
kids,4,2019-11-12,60,42
medicine,1,2019-11-12,8,4
medicine,2,2019-11-12,6,4
medicine,3,2019-11-12,5,1
medicine,4,2019-11-12,1,1
sport,1,2019-11-12,39,26
sport,2,2019-11-12,49,32
sport,3,2019-11-12,10,5
sport,4,2019-11-12,14,8
stationery,1,2019-11-12,9,5
stationery,3,2019-11-12,5,4
unknown,1,2019-11-12,1202,840
unknown,2,2019-11-12,4736,3091
unknown,3,2019-11-12,5936,3929
unknown,4,2019-11-12,4032,2445
accessories,1,2019-11-13,67,47
accessories,2,2019-11-13,53,37
accessories,3,2019-11-13,31,22
accessories,4,2019-11-13,26,20
apparel,1,2019-11-13,70,52
apparel,2,2019-11-13,167,119
apparel,3,2019-11-13,453,305
apparel,4,2019-11-13,306,222
appliances,1,2019-11-13,1529,913
appliances,2,2019-11-13,1433,845
appliances,3,2019-11-13,1315,830
appliances,4,2019-11-13,404,277
auto,1,2019-11-13,244,166
auto,2,2019-11-13,254,139
auto,3,2019-11-13,61,40
auto,4,2019-11-13,25,19
computers,1,2019-11-13,277,184
computers,2,2019-11-13,319,198
computers,3,2019-11-13,831,484
computers,4,2019-11-13,624,398
construction,1,2019-11-13,233,155
construction,2,2019-11-13,222,142
construction,3,2019-11-13,88,57
construction,4,2019-11-13,59,48
country_yard,1,2019-11-13,3,0
country_yard,3,2019-11-13,3,3
electronics,1,2019-11-13,1427,907
electronics,2,2019-11-13,4358,2125
electronics,3,2019-11-13,8907,4545
electronics,4,2019-11-13,9659,4976
furniture,1,2019-11-13,155,110
furniture,2,2019-11-13,216,141
furniture,3,2019-11-13,167,116
furniture,4,2019-11-13,151,102
kids,1,2019-11-13,74,58
kids,2,2019-11-13,76,50
kids,3,2019-11-13,208,127
kids,4,2019-11-13,58,30
medicine,1,2019-11-13,9,6
medicine,2,2019-11-13,9,8
medicine,3,2019-11-13,6,6
medicine,4,2019-11-13,1,1
sport,1,2019-11-13,51,28
sport,2,2019-11-13,41,31
sport,3,2019-11-13,18,14
sport,4,2019-11-13,15,8
stationery,1,2019-11-13,10,8
stationery,2,2019-11-13,4,4
stationery,3,2019-11-13,1,1
unknown,1,2019-11-13,1131,812
unknown,2,2019-11-13,4591,3056
unknown,3,2019-11-13,5557,3719
unknown,4,2019-11-13,4126,2538
accessories,1,2019-11-14,85,68
accessories,2,2019-11-14,94,78
accessories,3,2019-11-14,47,41
accessories,4,2019-11-14,62,58
apparel,1,2019-11-14,102,89
apparel,2,2019-11-14,278,221
apparel,3,2019-11-14,930,766
apparel,4,2019-11-14,787,666
appliances,1,2019-11-14,2757,2173
appliances,2,2019-11-14,3823,3088
appliances,3,2019-11-14,3786,3255
appliances,4,2019-11-14,1532,1374
auto,1,2019-11-14,397,326
auto,2,2019-11-14,769,639
auto,3,2019-11-14,161,134
auto,4,2019-11-14,91,71
computers,1,2019-11-14,468,404
computers,2,2019-11-14,956,823
computers,3,2019-11-14,2060,1778
computers,4,2019-11-14,2328,2112
construction,1,2019-11-14,370,314
construction,2,2019-11-14,436,372
construction,3,2019-11-14,271,235
construction,4,2019-11-14,141,128
country_yard,1,2019-11-14,6,6
country_yard,2,2019-11-14,1,1
country_yard,3,2019-11-14,3,3
electronics,1,2019-11-14,1934,1507
electronics,2,2019-11-14,7859,5429
electronics,3,2019-11-14,19195,15109
electronics,4,2019-11-14,29128,24432
furniture,1,2019-11-14,367,329
furniture,2,2019-11-14,499,430
furniture,3,2019-11-14,387,335
furniture,4,2019-11-14,404,344
kids,1,2019-11-14,84,64
kids,2,2019-11-14,108,86
kids,3,2019-11-14,351,269
kids,4,2019-11-14,169,152
medicine,1,2019-11-14,9,8
medicine,2,2019-11-14,14,12
medicine,3,2019-11-14,23,19
medicine,4,2019-11-14,1,1
sport,1,2019-11-14,81,67
sport,2,2019-11-14,77,65
sport,3,2019-11-14,30,29
sport,4,2019-11-14,40,31
stationery,1,2019-11-14,13,11
stationery,2,2019-11-14,6,6
stationery,3,2019-11-14,5,5
stationery,4,2019-11-14,1,1
unknown,1,2019-11-14,1564,1309
unknown,2,2019-11-14,6979,5604
unknown,3,2019-11-14,10581,8896
unknown,4,2019-11-14,9055,7542
accessories,1,2019-11-15,228,228
accessories,2,2019-11-15,234,234
accessories,3,2019-11-15,151,151
accessories,4,2019-11-15,153,153
apparel,1,2019-11-15,243,243
apparel,2,2019-11-15,676,676
apparel,3,2019-11-15,2766,2766
apparel,4,2019-11-15,1912,1912
appliances,1,2019-11-15,9208,9208
appliances,2,2019-11-15,15314,15314
appliances,3,2019-11-15,14050,14050
appliances,4,2019-11-15,5138,5138
auto,1,2019-11-15,977,977
auto,2,2019-11-15,2669,2669
auto,3,2019-11-15,461,461
auto,4,2019-11-15,263,263
computers,1,2019-11-15,1097,1097
computers,2,2019-11-15,2402,2402
computers,3,2019-11-15,6196,6196
computers,4,2019-11-15,5430,5430
construction,1,2019-11-15,1175,1175
construction,2,2019-11-15,1540,1540
construction,3,2019-11-15,928,928
construction,4,2019-11-15,327,327
country_yard,1,2019-11-15,23,23
country_yard,2,2019-11-15,5,5
country_yard,3,2019-11-15,23,23
country_yard,4,2019-11-15,2,2
electronics,1,2019-11-15,4664,4664
electronics,2,2019-11-15,22842,22842
electronics,3,2019-11-15,58987,58987
electronics,4,2019-11-15,69618,69618
furniture,1,2019-11-15,1066,1066
furniture,2,2019-11-15,1715,1715
furniture,3,2019-11-15,1385,1385
furniture,4,2019-11-15,1331,1331
kids,1,2019-11-15,193,193
kids,2,2019-11-15,228,228
kids,3,2019-11-15,961,961
kids,4,2019-11-15,441,441
medicine,1,2019-11-15,21,21
medicine,2,2019-11-15,33,33
medicine,3,2019-11-15,57,57
medicine,4,2019-11-15,8,8
sport,1,2019-11-15,228,228
sport,2,2019-11-15,270,270
sport,3,2019-11-15,129,129
sport,4,2019-11-15,101,101
stationery,1,2019-11-15,21,21
stationery,2,2019-11-15,4,4
stationery,3,2019-11-15,6,6
unknown,1,2019-11-15,3558,3558
unknown,2,2019-11-15,19528,19528
unknown,3,2019-11-15,30602,30602
unknown,4,2019-11-15,29010,29010
accessories,1,2019-11-16,213,178
accessories,2,2019-11-16,242,207
accessories,3,2019-11-16,128,113
accessories,4,2019-11-16,145,119
apparel,1,2019-11-16,329,305
apparel,2,2019-11-16,868,756
apparel,3,2019-11-16,3671,3136
apparel,4,2019-11-16,1790,1470
appliances,1,2019-11-16,8308,6809
appliances,2,2019-11-16,13585,10701
appliances,3,2019-11-16,11861,9345
appliances,4,2019-11-16,4358,3456
auto,1,2019-11-16,853,732
auto,2,2019-11-16,2184,1740
auto,3,2019-11-16,449,359
auto,4,2019-11-16,229,188
computers,1,2019-11-16,1011,825
computers,2,2019-11-16,1935,1567
computers,3,2019-11-16,4817,3782
computers,4,2019-11-16,4312,3494
construction,1,2019-11-16,1035,870
construction,2,2019-11-16,1324,1093
construction,3,2019-11-16,758,621
construction,4,2019-11-16,263,234
country_yard,1,2019-11-16,13,10
country_yard,2,2019-11-16,7,6
country_yard,3,2019-11-16,15,14
country_yard,4,2019-11-16,1,1
electronics,1,2019-11-16,4373,3685
electronics,2,2019-11-16,19659,15246
electronics,3,2019-11-16,47189,36690
electronics,4,2019-11-16,56830,44643
furniture,1,2019-11-16,844,732
furniture,2,2019-11-16,1757,1457
furniture,3,2019-11-16,1367,1113
furniture,4,2019-11-16,1385,1152
kids,1,2019-11-16,177,157
kids,2,2019-11-16,214,185
kids,3,2019-11-16,942,776
kids,4,2019-11-16,388,324
medicine,1,2019-11-16,10,8
medicine,2,2019-11-16,38,31
medicine,3,2019-11-16,49,39
medicine,4,2019-11-16,13,10
sport,1,2019-11-16,192,162
sport,2,2019-11-16,247,205
sport,3,2019-11-16,115,92
sport,4,2019-11-16,81,69
stationery,1,2019-11-16,24,19
stationery,2,2019-11-16,6,6
stationery,3,2019-11-16,2,1
stationery,4,2019-11-16,1,1
unknown,1,2019-11-16,3526,3082
unknown,2,2019-11-16,17466,14909
unknown,3,2019-11-16,25718,21531
unknown,4,2019-11-16,25410,20637
accessories,1,2019-11-17,321,183
accessories,2,2019-11-17,256,132
accessories,3,2019-11-17,173,85
accessories,4,2019-11-17,168,78
apparel,1,2019-11-17,302,193
apparel,2,2019-11-17,760,448
apparel,3,2019-11-17,3269,1793
apparel,4,2019-11-17,1324,691
appliances,1,2019-11-17,10544,5042
appliances,2,2019-11-17,16570,7081
appliances,3,2019-11-17,13179,5786
appliances,4,2019-11-17,5022,2158
auto,1,2019-11-17,1042,557
auto,2,2019-11-17,2671,1113
auto,3,2019-11-17,371,166
auto,4,2019-11-17,215,100
computers,1,2019-11-17,1016,503
computers,2,2019-11-17,2186,904
computers,3,2019-11-17,5174,2321
computers,4,2019-11-17,4087,1907
construction,1,2019-11-17,1243,644
construction,2,2019-11-17,1647,722
construction,3,2019-11-17,930,435
construction,4,2019-11-17,272,132
country_yard,1,2019-11-17,21,11
country_yard,2,2019-11-17,4,2
country_yard,3,2019-11-17,17,6
country_yard,4,2019-11-17,1,0
electronics,1,2019-11-17,5072,2638
electronics,2,2019-11-17,20942,8802
electronics,3,2019-11-17,47219,19548
electronics,4,2019-11-17,50360,21148
furniture,1,2019-11-17,1029,581
furniture,2,2019-11-17,2028,915
furniture,3,2019-11-17,1562,751
furniture,4,2019-11-17,1396,680
kids,1,2019-11-17,164,94
kids,2,2019-11-17,291,166
kids,3,2019-11-17,1063,531
kids,4,2019-11-17,459,204
medicine,1,2019-11-17,19,8
medicine,2,2019-11-17,51,19
medicine,3,2019-11-17,60,31
medicine,4,2019-11-17,8,2
sport,1,2019-11-17,219,105
sport,2,2019-11-17,276,130
sport,3,2019-11-17,117,50
sport,4,2019-11-17,74,40
stationery,1,2019-11-17,25,9
stationery,2,2019-11-17,9,6
stationery,3,2019-11-17,7,1
unknown,1,2019-11-17,3998,2581
unknown,2,2019-11-17,19511,10832
unknown,3,2019-11-17,27434,13776
unknown,4,2019-11-17,25770,11975
accessories,1,2019-11-18,93,56
accessories,2,2019-11-18,93,57
accessories,3,2019-11-18,32,24
accessories,4,2019-11-18,28,19
apparel,1,2019-11-18,67,55
apparel,2,2019-11-18,210,121
apparel,3,2019-11-18,732,450
apparel,4,2019-11-18,170,106
appliances,1,2019-11-18,2026,1158
appliances,2,2019-11-18,1745,962
appliances,3,2019-11-18,1398,863
appliances,4,2019-11-18,449,282
auto,1,2019-11-18,273,165
auto,2,2019-11-18,400,227
auto,3,2019-11-18,62,40
auto,4,2019-11-18,39,23
computers,1,2019-11-18,387,251
computers,2,2019-11-18,370,232
computers,3,2019-11-18,816,445
computers,4,2019-11-18,556,342
construction,1,2019-11-18,282,172
construction,2,2019-11-18,278,181
construction,3,2019-11-18,110,75
construction,4,2019-11-18,49,32
country_yard,1,2019-11-18,5,2
electronics,1,2019-11-18,1834,1100
electronics,2,2019-11-18,5830,2639
electronics,3,2019-11-18,10294,4854
electronics,4,2019-11-18,10008,4570
furniture,1,2019-11-18,177,115
furniture,2,2019-11-18,277,175
furniture,3,2019-11-18,170,118
furniture,4,2019-11-18,131,94
kids,1,2019-11-18,91,67
kids,2,2019-11-18,122,81
kids,3,2019-11-18,254,147
kids,4,2019-11-18,69,43
medicine,1,2019-11-18,5,2
medicine,2,2019-11-18,14,7
medicine,3,2019-11-18,9,5
medicine,4,2019-11-18,2,1
sport,1,2019-11-18,43,25
sport,2,2019-11-18,36,25
sport,3,2019-11-18,12,9
sport,4,2019-11-18,8,6
stationery,1,2019-11-18,6,5
stationery,2,2019-11-18,1,1
stationery,3,2019-11-18,3,3
unknown,1,2019-11-18,1421,1019
unknown,2,2019-11-18,5575,3631
unknown,3,2019-11-18,6506,4152
unknown,4,2019-11-18,4558,2665
accessories,1,2019-11-19,71,43
accessories,2,2019-11-19,54,32
accessories,3,2019-11-19,19,17
accessories,4,2019-11-19,16,8
apparel,1,2019-11-19,57,39
apparel,2,2019-11-19,233,134
apparel,3,2019-11-19,642,381
apparel,4,2019-11-19,137,78
appliances,1,2019-11-19,1715,1015
appliances,2,2019-11-19,1437,800
appliances,3,2019-11-19,1112,621
appliances,4,2019-11-19,316,192
auto,1,2019-11-19,237,148
auto,2,2019-11-19,407,227
auto,3,2019-11-19,52,41
auto,4,2019-11-19,31,24
computers,1,2019-11-19,358,247
computers,2,2019-11-19,331,209
computers,3,2019-11-19,698,355
computers,4,2019-11-19,472,271
construction,1,2019-11-19,215,132
construction,2,2019-11-19,186,117
construction,3,2019-11-19,128,90
construction,4,2019-11-19,45,34
country_yard,1,2019-11-19,2,2
country_yard,3,2019-11-19,3,3
electronics,1,2019-11-19,1495,880
electronics,2,2019-11-19,5280,2303
electronics,3,2019-11-19,8689,4037
electronics,4,2019-11-19,8665,3862
furniture,1,2019-11-19,107,81
furniture,2,2019-11-19,174,96
furniture,3,2019-11-19,117,67
furniture,4,2019-11-19,122,82
kids,1,2019-11-19,84,55
kids,2,2019-11-19,91,59
kids,3,2019-11-19,189,114
kids,4,2019-11-19,59,32
medicine,1,2019-11-19,3,2
medicine,2,2019-11-19,6,3
medicine,3,2019-11-19,3,1
medicine,4,2019-11-19,1,1
sport,1,2019-11-19,36,25
sport,2,2019-11-19,35,24
sport,3,2019-11-19,6,4
sport,4,2019-11-19,11,10
stationery,1,2019-11-19,20,16
stationery,2,2019-11-19,10,7
unknown,1,2019-11-19,1370,991
unknown,2,2019-11-19,5359,3536
unknown,3,2019-11-19,5804,3729
unknown,4,2019-11-19,3807,2151
accessories,1,2019-11-20,65,39
accessories,2,2019-11-20,35,21
accessories,3,2019-11-20,23,15
accessories,4,2019-11-20,10,5
apparel,1,2019-11-20,55,34
apparel,2,2019-11-20,197,129
apparel,3,2019-11-20,720,459
apparel,4,2019-11-20,167,106
appliances,1,2019-11-20,1739,1061
appliances,2,2019-11-20,1580,856
appliances,3,2019-11-20,930,489
appliances,4,2019-11-20,286,157
auto,1,2019-11-20,194,121
auto,2,2019-11-20,428,247
auto,3,2019-11-20,52,33
auto,4,2019-11-20,34,15
computers,1,2019-11-20,314,208
computers,2,2019-11-20,319,185
computers,3,2019-11-20,721,389
computers,4,2019-11-20,441,233
construction,1,2019-11-20,229,179
construction,2,2019-11-20,186,116
construction,3,2019-11-20,103,69
construction,4,2019-11-20,57,39
country_yard,1,2019-11-20,3,1
country_yard,2,2019-11-20,1,1
country_yard,3,2019-11-20,1,1
country_yard,4,2019-11-20,1,0
electronics,1,2019-11-20,1461,873
electronics,2,2019-11-20,4926,2074
electronics,3,2019-11-20,8588,3945
electronics,4,2019-11-20,8050,3463
furniture,1,2019-11-20,130,85
furniture,2,2019-11-20,195,111
furniture,3,2019-11-20,131,72
furniture,4,2019-11-20,74,53
kids,1,2019-11-20,82,58
kids,2,2019-11-20,146,107
kids,3,2019-11-20,213,142
kids,4,2019-11-20,58,28
medicine,1,2019-11-20,2,0
medicine,2,2019-11-20,7,4
medicine,3,2019-11-20,7,4
medicine,4,2019-11-20,2,0
sport,1,2019-11-20,24,19
sport,2,2019-11-20,28,16
sport,3,2019-11-20,15,7
sport,4,2019-11-20,4,2
stationery,1,2019-11-20,9,7
stationery,2,2019-11-20,6,6
stationery,3,2019-11-20,1,1
unknown,1,2019-11-20,1564,1171
unknown,2,2019-11-20,5484,3556
unknown,3,2019-11-20,6286,3911
unknown,4,2019-11-20,3593,2021
accessories,1,2019-11-21,67,41
accessories,2,2019-11-21,75,54
accessories,3,2019-11-21,21,13
accessories,4,2019-11-21,15,10
apparel,1,2019-11-21,44,33
apparel,2,2019-11-21,194,123
apparel,3,2019-11-21,710,454
apparel,4,2019-11-21,184,102
appliances,1,2019-11-21,1692,995
appliances,2,2019-11-21,1364,728
appliances,3,2019-11-21,943,528
appliances,4,2019-11-21,312,176
auto,1,2019-11-21,170,103
auto,2,2019-11-21,334,180
auto,3,2019-11-21,52,31
auto,4,2019-11-21,35,22
computers,1,2019-11-21,342,235
computers,2,2019-11-21,319,207
computers,3,2019-11-21,651,314
computers,4,2019-11-21,422,234
construction,1,2019-11-21,179,132
construction,2,2019-11-21,185,127
construction,3,2019-11-21,112,77
construction,4,2019-11-21,51,33
country_yard,1,2019-11-21,1,1
country_yard,3,2019-11-21,3,3
electronics,1,2019-11-21,1473,870
electronics,2,2019-11-21,4765,2101
electronics,3,2019-11-21,8181,3688
electronics,4,2019-11-21,7893,3397
furniture,1,2019-11-21,139,86
furniture,2,2019-11-21,159,83
furniture,3,2019-11-21,101,57
furniture,4,2019-11-21,86,59
kids,1,2019-11-21,105,75
kids,2,2019-11-21,138,95
kids,3,2019-11-21,230,147
kids,4,2019-11-21,56,28
medicine,1,2019-11-21,7,5
medicine,2,2019-11-21,12,6
medicine,3,2019-11-21,8,7
medicine,4,2019-11-21,2,1
sport,1,2019-11-21,39,21
sport,2,2019-11-21,21,10
sport,3,2019-11-21,8,5
sport,4,2019-11-21,4,3
stationery,1,2019-11-21,7,3
stationery,3,2019-11-21,3,3
unknown,1,2019-11-21,1509,1198
unknown,2,2019-11-21,6410,4151
unknown,3,2019-11-21,7666,4800
unknown,4,2019-11-21,3586,2022
accessories,1,2019-11-22,47,39
accessories,2,2019-11-22,43,21
accessories,3,2019-11-22,18,8
accessories,4,2019-11-22,10,8
apparel,1,2019-11-22,47,30
apparel,2,2019-11-22,179,113
apparel,3,2019-11-22,652,404
apparel,4,2019-11-22,171,108
appliances,1,2019-11-22,1711,1004
appliances,2,2019-11-22,1567,855
appliances,3,2019-11-22,1094,630
appliances,4,2019-11-22,299,164
auto,1,2019-11-22,181,112
auto,2,2019-11-22,335,193
auto,3,2019-11-22,40,25
auto,4,2019-11-22,30,18
computers,1,2019-11-22,274,186
computers,2,2019-11-22,313,200
computers,3,2019-11-22,701,358
computers,4,2019-11-22,442,253
construction,1,2019-11-22,198,109
construction,2,2019-11-22,175,100
construction,3,2019-11-22,92,47
construction,4,2019-11-22,45,32
country_yard,1,2019-11-22,2,0
country_yard,3,2019-11-22,1,1
electronics,1,2019-11-22,1242,770
electronics,2,2019-11-22,4905,2140
electronics,3,2019-11-22,8143,3815
electronics,4,2019-11-22,7965,3477
furniture,1,2019-11-22,94,61
furniture,2,2019-11-22,177,104
furniture,3,2019-11-22,94,53
furniture,4,2019-11-22,93,51
kids,1,2019-11-22,67,39
kids,2,2019-11-22,104,75
kids,3,2019-11-22,175,96
kids,4,2019-11-22,50,31
medicine,1,2019-11-22,1,1
medicine,2,2019-11-22,7,2
medicine,3,2019-11-22,4,3
sport,1,2019-11-22,33,19
sport,2,2019-11-22,22,13
sport,3,2019-11-22,15,12
sport,4,2019-11-22,5,4
stationery,1,2019-11-22,4,3
stationery,2,2019-11-22,7,3
stationery,3,2019-11-22,1,1
unknown,1,2019-11-22,1128,824
unknown,2,2019-11-22,5436,3434
unknown,3,2019-11-22,6129,3890
unknown,4,2019-11-22,3397,1876
accessories,1,2019-11-23,59,41
accessories,2,2019-11-23,65,36
accessories,3,2019-11-23,13,7
accessories,4,2019-11-23,13,7
apparel,1,2019-11-23,48,36
apparel,2,2019-11-23,145,93
apparel,3,2019-11-23,556,342
apparel,4,2019-11-23,155,87
appliances,1,2019-11-23,1618,968
appliances,2,2019-11-23,1585,831
appliances,3,2019-11-23,1065,584
appliances,4,2019-11-23,316,174
auto,1,2019-11-23,189,113
auto,2,2019-11-23,287,151
auto,3,2019-11-23,48,30
auto,4,2019-11-23,26,19
computers,1,2019-11-23,311,224
computers,2,2019-11-23,270,176
computers,3,2019-11-23,654,314
computers,4,2019-11-23,404,234
construction,1,2019-11-23,175,113
construction,2,2019-11-23,126,77
construction,3,2019-11-23,54,34
construction,4,2019-11-23,43,34
country_yard,1,2019-11-23,1,1
country_yard,2,2019-11-23,1,1
country_yard,3,2019-11-23,2,2
electronics,1,2019-11-23,1260,783
electronics,2,2019-11-23,4868,2106
electronics,3,2019-11-23,8046,3726
electronics,4,2019-11-23,7262,3260
furniture,1,2019-11-23,120,82
furniture,2,2019-11-23,162,99
furniture,3,2019-11-23,103,66
furniture,4,2019-11-23,69,44
kids,1,2019-11-23,94,69
kids,2,2019-11-23,85,61
kids,3,2019-11-23,192,116
kids,4,2019-11-23,47,29
medicine,1,2019-11-23,3,2
medicine,2,2019-11-23,2,0
medicine,3,2019-11-23,4,3
medicine,4,2019-11-23,1,0
sport,1,2019-11-23,21,11
sport,2,2019-11-23,24,18
sport,3,2019-11-23,18,13
sport,4,2019-11-23,5,5
stationery,1,2019-11-23,10,6
stationery,2,2019-11-23,3,2
stationery,3,2019-11-23,1,1
unknown,1,2019-11-23,1291,966
unknown,2,2019-11-23,4528,2918
unknown,3,2019-11-23,4856,3067
unknown,4,2019-11-23,3191,1814
accessories,1,2019-11-24,59,42
accessories,2,2019-11-24,24,13
accessories,3,2019-11-24,20,12
accessories,4,2019-11-24,20,13
apparel,1,2019-11-24,36,23
apparel,2,2019-11-24,160,87
apparel,3,2019-11-24,478,291
apparel,4,2019-11-24,152,92
appliances,1,2019-11-24,1662,1000
appliances,2,2019-11-24,1475,779
appliances,3,2019-11-24,1107,625
appliances,4,2019-11-24,350,202
auto,1,2019-11-24,190,124
auto,2,2019-11-24,286,143
auto,3,2019-11-24,27,19
auto,4,2019-11-24,27,19
computers,1,2019-11-24,267,198
computers,2,2019-11-24,279,159
computers,3,2019-11-24,675,336
computers,4,2019-11-24,398,222
construction,1,2019-11-24,199,126
construction,2,2019-11-24,172,101
construction,3,2019-11-24,67,44
construction,4,2019-11-24,32,24
country_yard,1,2019-11-24,2,2
country_yard,2,2019-11-24,1,1
electronics,1,2019-11-24,1224,748
electronics,2,2019-11-24,4808,2102
electronics,3,2019-11-24,8151,3650
electronics,4,2019-11-24,7487,3245
furniture,1,2019-11-24,132,81
furniture,2,2019-11-24,190,110
furniture,3,2019-11-24,102,61
furniture,4,2019-11-24,103,59
kids,1,2019-11-24,89,60
kids,2,2019-11-24,81,50
kids,3,2019-11-24,186,122
kids,4,2019-11-24,35,25
medicine,2,2019-11-24,7,4
medicine,3,2019-11-24,18,12
sport,1,2019-11-24,23,14
sport,2,2019-11-24,41,25
sport,3,2019-11-24,13,11
sport,4,2019-11-24,11,10
stationery,1,2019-11-24,8,5
stationery,2,2019-11-24,1,1
unknown,1,2019-11-24,1227,905
unknown,2,2019-11-24,5323,3393
unknown,3,2019-11-24,5597,3514
unknown,4,2019-11-24,3127,1833
accessories,1,2019-11-25,60,34
accessories,2,2019-11-25,47,27
accessories,3,2019-11-25,22,13
accessories,4,2019-11-25,17,12
apparel,1,2019-11-25,57,45
apparel,2,2019-11-25,155,83
apparel,3,2019-11-25,470,288
apparel,4,2019-11-25,275,176
appliances,1,2019-11-25,1585,880
appliances,2,2019-11-25,1406,716
appliances,3,2019-11-25,1028,608
appliances,4,2019-11-25,294,171
auto,1,2019-11-25,185,98
auto,2,2019-11-25,312,169
auto,3,2019-11-25,40,24
auto,4,2019-11-25,28,15
computers,1,2019-11-25,331,203
computers,2,2019-11-25,292,181
computers,3,2019-11-25,676,339
computers,4,2019-11-25,478,291
construction,1,2019-11-25,209,134
construction,2,2019-11-25,133,83
construction,3,2019-11-25,90,61
construction,4,2019-11-25,39,27
country_yard,1,2019-11-25,1,1
electronics,1,2019-11-25,1284,754
electronics,2,2019-11-25,4966,2177
electronics,3,2019-11-25,7848,3625
electronics,4,2019-11-25,8004,3302
furniture,1,2019-11-25,126,79
furniture,2,2019-11-25,184,95
furniture,3,2019-11-25,95,58
furniture,4,2019-11-25,94,50
kids,1,2019-11-25,93,51
kids,2,2019-11-25,91,59
kids,3,2019-11-25,174,111
kids,4,2019-11-25,38,21
medicine,2,2019-11-25,5,3
medicine,3,2019-11-25,8,4
medicine,4,2019-11-25,1,0
sport,1,2019-11-25,32,26
sport,2,2019-11-25,31,15
sport,3,2019-11-25,17,11
sport,4,2019-11-25,12,7
stationery,1,2019-11-25,10,8
stationery,2,2019-11-25,4,4
stationery,3,2019-11-25,2,2
unknown,1,2019-11-25,1288,941
unknown,2,2019-11-25,6302,4027
unknown,3,2019-11-25,6523,4120
unknown,4,2019-11-25,3645,2003
accessories,1,2019-11-26,62,46
accessories,2,2019-11-26,47,25
accessories,3,2019-11-26,24,17
accessories,4,2019-11-26,15,13
apparel,1,2019-11-26,63,54
apparel,2,2019-11-26,187,120
apparel,3,2019-11-26,533,348
apparel,4,2019-11-26,282,185
appliances,1,2019-11-26,1833,1149
appliances,2,2019-11-26,1552,793
appliances,3,2019-11-26,1008,593
appliances,4,2019-11-26,325,204
auto,1,2019-11-26,194,108
auto,2,2019-11-26,321,192
auto,3,2019-11-26,49,25
auto,4,2019-11-26,37,20
computers,1,2019-11-26,337,242
computers,2,2019-11-26,368,238
computers,3,2019-11-26,714,399
computers,4,2019-11-26,493,272
construction,1,2019-11-26,213,134
construction,2,2019-11-26,202,128
construction,3,2019-11-26,90,58
construction,4,2019-11-26,32,17
country_yard,1,2019-11-26,1,1
country_yard,2,2019-11-26,1,1
country_yard,3,2019-11-26,1,1
electronics,1,2019-11-26,1484,937
electronics,2,2019-11-26,5190,2421
electronics,3,2019-11-26,8276,3916
electronics,4,2019-11-26,8378,3857
furniture,1,2019-11-26,167,125
furniture,2,2019-11-26,206,133
furniture,3,2019-11-26,120,75
furniture,4,2019-11-26,99,65
kids,1,2019-11-26,103,67
kids,2,2019-11-26,96,72
kids,3,2019-11-26,193,117
kids,4,2019-11-26,52,34
medicine,1,2019-11-26,3,2
medicine,2,2019-11-26,9,6
medicine,3,2019-11-26,7,1
medicine,4,2019-11-26,1,1
sport,1,2019-11-26,26,19
sport,2,2019-11-26,30,19
sport,3,2019-11-26,14,11
sport,4,2019-11-26,9,9
stationery,1,2019-11-26,15,14
stationery,2,2019-11-26,12,10
stationery,3,2019-11-26,2,2
unknown,1,2019-11-26,1258,893
unknown,2,2019-11-26,5806,3729
unknown,3,2019-11-26,5473,3481
unknown,4,2019-11-26,3825,2194
accessories,1,2019-11-27,92,63
accessories,2,2019-11-27,57,36
accessories,3,2019-11-27,19,13
accessories,4,2019-11-27,17,10
apparel,1,2019-11-27,62,47
apparel,2,2019-11-27,173,104
apparel,3,2019-11-27,557,355
apparel,4,2019-11-27,259,175
appliances,1,2019-11-27,1899,1149
appliances,2,2019-11-27,1526,830
appliances,3,2019-11-27,1093,635
appliances,4,2019-11-27,366,219
auto,1,2019-11-27,205,124
auto,2,2019-11-27,348,194
auto,3,2019-11-27,52,34
auto,4,2019-11-27,39,19
computers,1,2019-11-27,343,237
computers,2,2019-11-27,310,190
computers,3,2019-11-27,840,431
computers,4,2019-11-27,463,262
construction,1,2019-11-27,196,125
construction,2,2019-11-27,175,106
construction,3,2019-11-27,97,49
construction,4,2019-11-27,38,24
country_yard,1,2019-11-27,1,1
electronics,1,2019-11-27,1451,889
electronics,2,2019-11-27,4997,2333
electronics,3,2019-11-27,8538,3951
electronics,4,2019-11-27,8582,3831
furniture,1,2019-11-27,145,95
furniture,2,2019-11-27,194,105
furniture,3,2019-11-27,117,78
furniture,4,2019-11-27,79,56
kids,1,2019-11-27,89,61
kids,2,2019-11-27,109,74
kids,3,2019-11-27,205,119
kids,4,2019-11-27,48,27
medicine,1,2019-11-27,6,4
medicine,2,2019-11-27,4,4
medicine,3,2019-11-27,10,3
sport,1,2019-11-27,31,22
sport,2,2019-11-27,25,16
sport,3,2019-11-27,13,8
sport,4,2019-11-27,17,14
stationery,1,2019-11-27,8,5
stationery,2,2019-11-27,8,6
stationery,3,2019-11-27,6,4
unknown,1,2019-11-27,1415,985
unknown,2,2019-11-27,5176,3415
unknown,3,2019-11-27,5206,3244
unknown,4,2019-11-27,3728,2056
accessories,1,2019-11-28,90,59
accessories,2,2019-11-28,50,25
accessories,3,2019-11-28,46,30
accessories,4,2019-11-28,11,7
apparel,1,2019-11-28,53,40
apparel,2,2019-11-28,153,101
apparel,3,2019-11-28,445,296
apparel,4,2019-11-28,255,167
appliances,1,2019-11-28,1934,1131
appliances,2,2019-11-28,1490,832
appliances,3,2019-11-28,1167,691
appliances,4,2019-11-28,403,245
auto,1,2019-11-28,222,138
auto,2,2019-11-28,340,184
auto,3,2019-11-28,31,18
auto,4,2019-11-28,39,29
computers,1,2019-11-28,362,235
computers,2,2019-11-28,339,208
computers,3,2019-11-28,804,422
computers,4,2019-11-28,512,312
construction,1,2019-11-28,207,134
construction,2,2019-11-28,131,86
construction,3,2019-11-28,103,70
construction,4,2019-11-28,49,37
country_yard,1,2019-11-28,2,1
country_yard,3,2019-11-28,1,1
electronics,1,2019-11-28,1549,938
electronics,2,2019-11-28,5017,2370
electronics,3,2019-11-28,8978,4257
electronics,4,2019-11-28,8794,3975
furniture,1,2019-11-28,159,96
furniture,2,2019-11-28,213,134
furniture,3,2019-11-28,93,61
furniture,4,2019-11-28,101,68
kids,1,2019-11-28,125,93
kids,2,2019-11-28,102,63
kids,3,2019-11-28,199,129
kids,4,2019-11-28,43,30
medicine,1,2019-11-28,4,1
medicine,2,2019-11-28,17,10
medicine,3,2019-11-28,13,7
medicine,4,2019-11-28,1,1
sport,1,2019-11-28,19,13
sport,2,2019-11-28,35,26
sport,3,2019-11-28,21,18
sport,4,2019-11-28,7,7
stationery,1,2019-11-28,12,8
stationery,2,2019-11-28,2,2
stationery,3,2019-11-28,6,3
unknown,1,2019-11-28,1425,1010
unknown,2,2019-11-28,5034,3270
unknown,3,2019-11-28,4883,3075
unknown,4,2019-11-28,3734,2159
accessories,1,2019-11-29,84,65
accessories,2,2019-11-29,59,33
accessories,3,2019-11-29,27,19
accessories,4,2019-11-29,13,10
apparel,1,2019-11-29,58,42
apparel,2,2019-11-29,169,102
apparel,3,2019-11-29,465,300
apparel,4,2019-11-29,205,140
appliances,1,2019-11-29,2385,1358
appliances,2,2019-11-29,2198,1178
appliances,3,2019-11-29,1810,1037
appliances,4,2019-11-29,597,384
auto,1,2019-11-29,224,128
auto,2,2019-11-29,341,190
auto,3,2019-11-29,59,38
auto,4,2019-11-29,43,22
computers,1,2019-11-29,575,353
computers,2,2019-11-29,611,375
computers,3,2019-11-29,1145,632
computers,4,2019-11-29,848,509
construction,1,2019-11-29,233,149
construction,2,2019-11-29,204,134
construction,3,2019-11-29,109,63
construction,4,2019-11-29,47,24
country_yard,1,2019-11-29,1,0
country_yard,2,2019-11-29,1,1
country_yard,3,2019-11-29,5,3
country_yard,4,2019-11-29,1,1
electronics,1,2019-11-29,1991,1219
electronics,2,2019-11-29,6312,3056
electronics,3,2019-11-29,12736,6157
electronics,4,2019-11-29,11618,5428
furniture,1,2019-11-29,163,117
furniture,2,2019-11-29,212,119
furniture,3,2019-11-29,118,69
furniture,4,2019-11-29,113,74
kids,1,2019-11-29,106,63
kids,2,2019-11-29,129,92
kids,3,2019-11-29,203,121
kids,4,2019-11-29,58,35
medicine,1,2019-11-29,4,2
medicine,2,2019-11-29,7,5
medicine,3,2019-11-29,12,10
sport,1,2019-11-29,43,23
sport,2,2019-11-29,50,26
sport,3,2019-11-29,21,13
sport,4,2019-11-29,14,11
stationery,1,2019-11-29,14,9
stationery,3,2019-11-29,3,2
unknown,1,2019-11-29,1598,1130
unknown,2,2019-11-29,5657,3568
unknown,3,2019-11-29,5399,3402
unknown,4,2019-11-29,4410,2480
accessories,1,2019-11-30,54,38
accessories,2,2019-11-30,53,28
accessories,3,2019-11-30,18,14
accessories,4,2019-11-30,17,12
apparel,1,2019-11-30,50,39
apparel,2,2019-11-30,187,123
apparel,3,2019-11-30,431,289
apparel,4,2019-11-30,265,178
appliances,1,2019-11-30,2194,1289
appliances,2,2019-11-30,1968,1028
appliances,3,2019-11-30,1512,880
appliances,4,2019-11-30,557,335
auto,1,2019-11-30,213,129
auto,2,2019-11-30,312,169
auto,3,2019-11-30,53,32
auto,4,2019-11-30,34,21
computers,1,2019-11-30,451,272
computers,2,2019-11-30,492,289
computers,3,2019-11-30,1004,513
computers,4,2019-11-30,691,412
construction,1,2019-11-30,253,164
construction,2,2019-11-30,169,90
construction,3,2019-11-30,93,59
construction,4,2019-11-30,43,24
country_yard,1,2019-11-30,1,1
country_yard,3,2019-11-30,1,1
electronics,1,2019-11-30,1738,1089
electronics,2,2019-11-30,5578,2524
electronics,3,2019-11-30,10836,5076
electronics,4,2019-11-30,9825,4532
furniture,1,2019-11-30,187,120
furniture,2,2019-11-30,246,143
furniture,3,2019-11-30,133,74
furniture,4,2019-11-30,116,80
kids,1,2019-11-30,118,80
kids,2,2019-11-30,117,77
kids,3,2019-11-30,170,86
kids,4,2019-11-30,53,37
medicine,1,2019-11-30,3,1
medicine,2,2019-11-30,10,6
medicine,3,2019-11-30,18,12
medicine,4,2019-11-30,4,2
sport,1,2019-11-30,53,35
sport,2,2019-11-30,43,26
sport,3,2019-11-30,15,8
sport,4,2019-11-30,11,9
stationery,1,2019-11-30,21,13
stationery,2,2019-11-30,4,2
stationery,3,2019-11-30,4,3
unknown,1,2019-11-30,1528,1058
unknown,2,2019-11-30,5567,3578
unknown,3,2019-11-30,4961,3018
unknown,4,2019-11-30,3960,2245
