session_date,category_l1,sessions,carted_sessions,purchased_sessions,cart_rate,purchase_rate,is_black_friday_week
2019-10-01,accessories,2457,47,42,0.01912901912901913,0.017094017094017096,false
2019-10-01,apparel,9406,152,152,0.01615989793748671,0.01615989793748671,false
2019-10-01,appliances,29614,1906,1725,0.0643614506652259,0.058249476598905926,false
2019-10-01,auto,7484,276,212,0.03687867450561197,0.028327097808658473,false
2019-10-01,computers,15418,774,702,0.05020106369178882,0.045531197301854974,false
2019-10-01,construction,5755,265,219,0.046046915725456126,0.03805386620330148,false
2019-10-01,country_yard,240,5,4,0.020833333333333332,0.016666666666666666,false
2019-10-01,electronics,124504,13136,9607,0.10550665038874253,0.07716217952836857,false
2019-10-01,furniture,9095,194,187,0.021330401319406268,0.020560747663551402,false
2019-10-01,kids,4566,151,137,0.033070521243977226,0.030004380201489267,false
2019-10-01,medicine,177,11,11,0.062146892655367235,0.062146892655367235,false
2019-10-01,sport,1914,27,27,0.014106583072100314,0.014106583072100314,false
2019-10-01,stationery,78,3,3,0.038461538461538464,0.038461538461538464,false
2019-10-01,unknown,98192,4258,3612,0.04336402150888056,0.036785074140459506,false
2019-10-02,accessories,2087,43,41,0.020603737422137038,0.01964542405366555,false
2019-10-02,apparel,8637,154,154,0.017830265138358226,0.017830265138358226,false
2019-10-02,appliances,29125,1936,1718,0.06647210300429185,0.058987124463519315,false
2019-10-02,auto,7129,249,195,0.03492775985411699,0.02735306494599523,false
2019-10-02,computers,14967,728,636,0.04864034208592236,0.04249348566847064,false
2019-10-02,construction,5321,284,219,0.05337342604773539,0.041157677128359334,false
2019-10-02,country_yard,186,3,3,0.016129032258064516,0.016129032258064516,false
2019-10-02,electronics,123488,13518,9839,0.10946812645763151,0.0796757579683856,false
2019-10-02,furniture,7968,194,187,0.024347389558232933,0.023468875502008033,false
2019-10-02,kids,4329,194,183,0.044814044814044815,0.04227304227304227,false
2019-10-02,medicine,136,10,10,0.07352941176470588,0.07352941176470588,false
2019-10-02,sport,1765,22,22,0.012464589235127478,0.012464589235127478,false
2019-10-02,stationery,88,1,1,0.011363636363636364,0.011363636363636364,false
2019-10-02,unknown,92403,4120,3565,0.04458729694923325,0.038580998452431195,false
2019-10-03,accessories,1657,46,43,0.02776101388050694,0.02595051297525649,false
2019-10-03,apparel,7115,115,115,0.016163035839775124,0.016163035839775124,false
2019-10-03,appliances,26676,1829,1597,0.06856350277402909,0.05986654670865197,false
2019-10-03,auto,6661,284,210,0.04263624080468398,0.0315267977781114,false
2019-10-03,computers,14167,778,655,0.05491635490929625,0.0462342062539705,false
2019-10-03,construction,4619,226,174,0.04892833946741719,0.03767049144836545,false
2019-10-03,country_yard,169,6,4,0.03550295857988166,0.023668639053254437,false
2019-10-03,electronics,119109,13928,9773,0.11693490836124894,0.0820508945587655,false
2019-10-03,furniture,7092,167,162,0.023547659334461363,0.02284263959390863,false
2019-10-03,kids,4111,161,150,0.03916322062758453,0.03648747263439552,false
2019-10-03,medicine,104,7,7,0.0673076923076923,0.0673076923076923,false
2019-10-03,sport,1568,32,32,0.02040816326530612,0.02040816326530612,false
2019-10-03,stationery,64,3,2,0.046875,0.03125,false
2019-10-03,unknown,82133,4237,3601,0.05158706001241888,0.043843522092216286,false
2019-10-04,accessories,1855,45,36,0.02425876010781671,0.01940700808625337,false
2019-10-04,apparel,7275,117,117,0.016082474226804123,0.016082474226804123,false
2019-10-04,appliances,39911,4147,2607,0.10390619127558819,0.06532033775149708,false
2019-10-04,auto,12869,761,587,0.059134353873649854,0.04561348978164582,false
2019-10-04,computers,18224,1893,1014,0.10387401229148376,0.05564091308165057,false
2019-10-04,construction,4714,255,194,0.054094187526516756,0.041154009333899025,false
2019-10-04,country_yard,136,2,1,0.014705882352941176,0.007352941176470588,false
2019-10-04,electronics,143794,23018,13222,0.16007622014826767,0.09195098543750087,false
2019-10-04,furniture,7002,184,179,0.026278206226792344,0.025564124535846902,false
2019-10-04,kids,4568,224,183,0.04903677758318739,0.04006129597197899,false
2019-10-04,medicine,106,5,5,0.04716981132075472,0.04716981132075472,false
2019-10-04,sport,2053,52,35,0.025328787140769606,0.017048222113979543,false
2019-10-04,stationery,54,2,0,0.037037037037037035,0.0,false
2019-10-04,unknown,105025,7122,5303,0.0678124256129493,0.05049273982385146,false
2019-10-05,accessories,1919,44,25,0.022928608650338717,0.013027618551328817,false
2019-10-05,apparel,7450,127,127,0.017046979865771812,0.017046979865771812,false
2019-10-05,appliances,34245,3265,2191,0.09534238574974449,0.06398014308658198,false
2019-10-05,auto,12119,626,460,0.051654426932915255,0.03795692713920291,false
2019-10-05,computers,15931,1548,867,0.0971690414914318,0.054422195719038356,false
2019-10-05,construction,4086,221,156,0.05408712677435144,0.0381791483113069,false
2019-10-05,country_yard,126,2,2,0.015873015873015872,0.015873015873015872,false
2019-10-05,electronics,128637,18703,11162,0.1453936270279935,0.08677130219143792,false
2019-10-05,furniture,7668,202,193,0.02634324465310381,0.025169535732916016,false
2019-10-05,kids,4277,200,164,0.04676174888940846,0.03834463408931494,false
2019-10-05,medicine,80,3,3,0.0375,0.0375,false
2019-10-05,sport,1758,49,35,0.027872582480091012,0.019908987485779295,false
2019-10-05,stationery,88,3,2,0.03409090909090909,0.022727272727272728,false
2019-10-05,unknown,100385,6058,4704,0.06034766150321263,0.046859590576281314,false
2019-10-06,accessories,2015,47,39,0.023325062034739455,0.01935483870967742,false
2019-10-06,apparel,7289,103,103,0.01413088215118672,0.01413088215118672,false
2019-10-06,appliances,33086,3031,2172,0.09160974430272623,0.06564710149307865,false
2019-10-06,auto,10464,498,375,0.047591743119266054,0.03583715596330275,false
2019-10-06,computers,15251,1233,739,0.08084715756343847,0.04845583896137958,false
2019-10-06,construction,4219,238,189,0.05641147191277554,0.04479734534249822,false
2019-10-06,country_yard,155,6,6,0.03870967741935484,0.03870967741935484,false
2019-10-06,electronics,127128,17697,10793,0.13920615442703416,0.08489868479013278,false
2019-10-06,furniture,7551,189,179,0.025029797377830752,0.023705469474241823,false
2019-10-06,kids,4083,173,142,0.04237080578006368,0.034778349253000246,false
2019-10-06,medicine,111,9,9,0.08108108108108109,0.08108108108108109,false
2019-10-06,sport,1710,43,35,0.025146198830409357,0.02046783625730994,false
2019-10-06,stationery,69,6,5,0.08695652173913043,0.07246376811594203,false
2019-10-06,unknown,100262,5607,4462,0.05592348048113942,0.04450340108914644,false
2019-10-07,accessories,1945,50,48,0.02570694087403599,0.024678663239074552,false
2019-10-07,apparel,7235,131,131,0.018106427090532135,0.018106427090532135,false
2019-10-07,appliances,28459,1985,1806,0.06974946414139639,0.06345971397448961,false
2019-10-07,auto,10457,532,430,0.050875011953715216,0.041120780338529214,false
2019-10-07,computers,14474,763,690,0.05271521348625121,0.04767168716318917,false
2019-10-07,construction,4391,224,174,0.05101343657481212,0.03962650876793441,false
2019-10-07,country_yard,161,1,1,0.006211180124223602,0.006211180124223602,false
2019-10-07,electronics,119154,13639,10024,0.11446531379559226,0.08412642462695336,false
2019-10-07,furniture,7436,187,174,0.02514792899408284,0.023399677245831092,false
2019-10-07,kids,4043,143,130,0.03536977491961415,0.03215434083601286,false
2019-10-07,medicine,98,8,6,0.08163265306122448,0.061224489795918366,false
2019-10-07,sport,1497,35,35,0.02338009352037408,0.02338009352037408,false
2019-10-07,stationery,62,0,0,0.0,0.0,false
2019-10-07,unknown,100261,5430,4781,0.05415864593411197,0.047685540738672066,false
2019-10-08,accessories,2832,48,45,0.01694915254237288,0.015889830508474576,false
2019-10-08,apparel,9997,132,132,0.013203961188356508,0.013203961188356508,false
2019-10-08,appliances,30298,2038,1807,0.06726516601755891,0.05964090038946465,false
2019-10-08,auto,16366,705,560,0.04307711108395454,0.03421727972626176,false
2019-10-08,computers,15134,794,707,0.05246464913439937,0.04671600370027752,false
2019-10-08,construction,4805,238,186,0.049531737773152965,0.03870967741935484,false
2019-10-08,country_yard,210,3,3,0.014285714285714285,0.014285714285714285,false
2019-10-08,electronics,125102,14119,10477,0.11285990631644578,0.08374766190788317,false
2019-10-08,furniture,8517,188,181,0.022073500058706116,0.02125161441822238,false
2019-10-08,kids,4624,145,134,0.031358131487889275,0.02897923875432526,false
2019-10-08,medicine,101,6,5,0.0594059405940594,0.04950495049504951,false
2019-10-08,sport,1821,44,43,0.02416254805052169,0.023613399231191653,false
2019-10-08,stationery,75,4,3,0.05333333333333334,0.04,false
2019-10-08,unknown,132113,6528,5716,0.049412245577649436,0.04326599199170407,false
2019-10-09,accessories,2626,50,48,0.01904036557501904,0.01827875095201828,false
2019-10-09,apparel,10424,161,161,0.01544512663085188,0.01544512663085188,false
2019-10-09,appliances,29502,1963,1728,0.06653786183987526,0.05857230018303844,false
2019-10-09,auto,13353,657,521,0.04920242642102898,0.03901744926233805,false
2019-10-09,computers,15329,763,674,0.04977493639506817,0.04396894774610216,false
2019-10-09,construction,5041,265,208,0.052568934735171595,0.041261654433644115,false
2019-10-09,country_yard,177,1,1,0.005649717514124294,0.005649717514124294,false
2019-10-09,electronics,126055,14067,10489,0.11159414541271667,0.08320971004720162,false
2019-10-09,furniture,8586,221,203,0.025739576054041462,0.023643139995341254,false
2019-10-09,kids,4781,151,135,0.031583350763438614,0.02823677055009412,false
2019-10-09,medicine,102,3,2,0.029411764705882353,0.0196078431372549,false
2019-10-09,sport,1795,38,38,0.02116991643454039,0.02116991643454039,false
2019-10-09,stationery,98,6,4,0.061224489795918366,0.04081632653061224,false
2019-10-09,unknown,124766,6221,5518,0.04986134042928362,0.0442267925556642,false
2019-10-10,accessories,2403,41,40,0.01706200582605077,0.016645859342488557,false
2019-10-10,apparel,9650,184,184,0.019067357512953367,0.019067357512953367,false
2019-10-10,appliances,30403,1985,1728,0.06528960957800217,0.05683649639838174,false
2019-10-10,auto,10243,472,388,0.04608024992677926,0.037879527482182956,false
2019-10-10,computers,15362,751,668,0.04888686368962375,0.043483921364405674,false
2019-10-10,construction,4757,239,190,0.05024174900147151,0.039941139373554764,false
2019-10-10,country_yard,170,5,5,0.029411764705882353,0.029411764705882353,false
2019-10-10,electronics,133263,14403,10381,0.1080795119425497,0.07789859150701996,false
2019-10-10,furniture,8146,173,159,0.021237417137245272,0.019518782224404615,false
2019-10-10,kids,4747,173,153,0.03644406993890879,0.032230882662734356,false
2019-10-10,medicine,117,11,10,0.09401709401709402,0.08547008547008547,false
2019-10-10,sport,1681,40,38,0.02379535990481856,0.022605591909577633,false
2019-10-10,stationery,82,5,4,0.06097560975609756,0.04878048780487805,false
2019-10-10,unknown,111860,5811,5124,0.051948864652243874,0.0458072590738423,false
2019-10-11,accessories,2752,64,62,0.023255813953488372,0.02252906976744186,false
2019-10-11,apparel,14930,244,244,0.01634293369055593,0.01634293369055593,false
2019-10-11,appliances,37473,2545,2209,0.06791556587409601,0.05894911002588531,false
2019-10-11,auto,10784,582,476,0.05396884272997032,0.04413946587537092,false
2019-10-11,computers,17146,958,865,0.05587308993351219,0.050449084334538666,false
2019-10-11,construction,6022,310,231,0.05147791431418133,0.03835934905347061,false
2019-10-11,country_yard,202,3,3,0.01485148514851485,0.01485148514851485,false
2019-10-11,electronics,144634,16206,11657,0.11204834271333158,0.08059654023258708,false
2019-10-11,furniture,11293,285,276,0.025236872398831135,0.024439918533604887,false
2019-10-11,kids,6315,205,176,0.03246239113222486,0.0278701504354711,false
2019-10-11,medicine,185,16,14,0.08648648648648649,0.07567567567567568,false
2019-10-11,sport,1940,52,47,0.026804123711340205,0.02422680412371134,false
2019-10-11,stationery,101,6,5,0.0594059405940594,0.04950495049504951,false
2019-10-11,unknown,130332,7216,6423,0.055366295307368876,0.049281834085259185,false
2019-10-12,accessories,2517,54,52,0.021454112038140644,0.020659515295987287,false
2019-10-12,apparel,13595,253,253,0.01860978300845899,0.01860978300845899,false
2019-10-12,appliances,35386,2604,2241,0.07358842480076866,0.06333013056010851,false
2019-10-12,auto,10161,594,486,0.05845881310894597,0.047829937998228524,false
2019-10-12,computers,15993,910,837,0.056899893703495276,0.05233539673607203,false
2019-10-12,construction,5656,306,244,0.0541018387553041,0.04314002828854314,false
2019-10-12,country_yard,161,0,0,0.0,0.0,false
2019-10-12,electronics,131316,15302,11073,0.11652806969447745,0.0843233117061135,false
2019-10-12,furniture,10953,265,251,0.02419428467086643,0.022916096046745184,false
2019-10-12,kids,5175,164,132,0.03169082125603865,0.025507246376811593,false
2019-10-12,medicine,135,7,7,0.05185185185185185,0.05185185185185185,false
2019-10-12,sport,1785,32,31,0.017927170868347338,0.017366946778711485,false
2019-10-12,stationery,110,5,3,0.045454545454545456,0.02727272727272727,false
2019-10-12,unknown,119205,7257,6435,0.06087831886246382,0.053982634956587394,false
2019-10-13,accessories,2772,85,78,0.030663780663780664,0.02813852813852814,false
2019-10-13,apparel,15568,263,263,0.016893627954779035,0.016893627954779035,false
2019-10-13,appliances,40801,3626,3071,0.08887037082424451,0.0752677630450234,false
2019-10-13,auto,10576,619,526,0.05852874432677761,0.049735249621785174,false
2019-10-13,computers,18252,1124,951,0.06158229235152312,0.05210387902695595,false
2019-10-13,construction,6565,415,322,0.06321401370906321,0.04904798172124905,false
2019-10-13,country_yard,196,5,5,0.025510204081632654,0.025510204081632654,false
2019-10-13,electronics,143632,17552,12503,0.12220118079536593,0.08704884705358137,false
2019-10-13,furniture,12092,365,345,0.03018524644392987,0.028531260337413166,false
2019-10-13,kids,6292,276,237,0.043865225683407505,0.03766687857596949,false
2019-10-13,medicine,142,10,10,0.07042253521126761,0.07042253521126761,false
2019-10-13,sport,2116,51,45,0.024102079395085067,0.021266540642722116,false
2019-10-13,stationery,127,10,6,0.07874015748031496,0.047244094488188976,false
2019-10-13,unknown,129571,8395,7399,0.06479073249415379,0.057103827245294086,false
2019-10-14,accessories,2302,77,61,0.03344917463075586,0.026498696785403997,false
2019-10-14,apparel,11276,161,161,0.01427811280595956,0.01427811280595956,false
2019-10-14,appliances,40989,5009,2840,0.12220351801702896,0.06928688184634903,false
2019-10-14,auto,7535,379,273,0.050298606502986065,0.03623092236230922,false
2019-10-14,computers,18715,1679,1025,0.08971413304835693,0.05476890195030724,false
2019-10-14,construction,6543,556,286,0.08497631056090478,0.04371083600794742,false
2019-10-14,country_yard,182,3,3,0.016483516483516484,0.016483516483516484,false
2019-10-14,electronics,145736,23425,14448,0.16073585112806718,0.09913816764560575,false
2019-10-14,furniture,9152,289,228,0.0315777972027972,0.024912587412587412,false
2019-10-14,kids,4903,230,188,0.04691005506832552,0.038343871099326944,false
2019-10-14,medicine,191,28,10,0.14659685863874344,0.05235602094240838,false
2019-10-14,sport,2046,63,43,0.030791788856304986,0.021016617790811338,false
2019-10-14,stationery,108,9,5,0.08333333333333333,0.046296296296296294,false
2019-10-14,unknown,104993,7487,5134,0.07130951587248674,0.048898497995104435,false
2019-10-15,accessories,2605,58,45,0.022264875239923224,0.01727447216890595,false
2019-10-15,apparel,11615,175,175,0.015066724063710719,0.015066724063710719,false
2019-10-15,appliances,44897,5338,2616,0.1188943581976524,0.058266699334031224,false
2019-10-15,auto,8994,405,249,0.04503002001334223,0.027685123415610406,false
2019-10-15,computers,20274,1646,902,0.08118772812469173,0.0444904804182697,false
2019-10-15,construction,7136,539,280,0.07553251121076233,0.03923766816143498,false
2019-10-15,country_yard,196,6,6,0.030612244897959183,0.030612244897959183,false
2019-10-15,electronics,157428,24798,13346,0.15751962802042838,0.08477526234215006,false
2019-10-15,furniture,9819,290,211,0.02953457582238517,0.021488949994907833,false
2019-10-15,kids,6047,252,173,0.041673557135769805,0.02860922771622292,false
2019-10-15,medicine,229,27,14,0.11790393013100436,0.0611353711790393,false
2019-10-15,sport,2529,68,38,0.026888098062475288,0.015025701858442072,false
2019-10-15,stationery,120,6,4,0.05,0.03333333333333333,false
2019-10-15,unknown,115005,7582,4848,0.06592756836659276,0.04215468892656841,false
2019-10-16,accessories,2508,72,59,0.028708133971291867,0.023524720893141945,false
2019-10-16,apparel,14438,278,278,0.01925474442443552,0.01925474442443552,false
2019-10-16,appliances,40319,4726,2806,0.1172152087105335,0.06959498003422704,false
2019-10-16,auto,8401,446,312,0.053088917985954054,0.037138435900488036,false
2019-10-16,computers,19022,1700,1129,0.08937020292293134,0.059352328882346754,false
2019-10-16,construction,6542,528,298,0.08070926322225619,0.04555181901559156,false
2019-10-16,country_yard,161,2,2,0.012422360248447204,0.012422360248447204,false
2019-10-16,electronics,155480,24540,15791,0.1578338049909956,0.10156290198096218,false
2019-10-16,furniture,10047,337,259,0.0335423509505325,0.02577883945456355,false
2019-10-16,kids,6088,275,215,0.04517082785808147,0.03531537450722733,false
2019-10-16,medicine,210,31,19,0.14761904761904762,0.09047619047619047,false
2019-10-16,sport,2127,75,51,0.03526093088857546,0.023977433004231313,false
2019-10-16,stationery,123,5,2,0.04065040650406504,0.016260162601626018,false
2019-10-16,unknown,114804,8266,5925,0.07200097557576392,0.0516097000104526,false
2019-10-17,accessories,2281,75,64,0.03288031565103025,0.028057869355545814,false
2019-10-17,apparel,13841,261,260,0.01885701900151723,0.01878476988656889,false
2019-10-17,appliances,35285,4209,2536,0.1192858155023381,0.07187190024089557,false
2019-10-17,auto,7255,367,266,0.05058580289455548,0.03666436940041351,false
2019-10-17,computers,17337,1468,963,0.08467439580088827,0.055545942204533655,false
2019-10-17,construction,5552,475,278,0.08555475504322767,0.050072046109510084,false
2019-10-17,country_yard,144,4,2,0.027777777777777776,0.013888888888888888,false
2019-10-17,electronics,144031,21853,14170,0.15172428157827134,0.09838159840589873,false
2019-10-17,furniture,8870,274,217,0.030890642615558062,0.024464487034949266,false
2019-10-17,kids,5014,224,166,0.04467491025129637,0.03310729956122856,false
2019-10-17,medicine,156,19,8,0.12179487179487179,0.05128205128205128,false
2019-10-17,sport,1829,66,37,0.03608529250956807,0.020229633679606344,false
2019-10-17,stationery,107,8,5,0.07476635514018691,0.04672897196261682,false
2019-10-17,unknown,105524,7725,5673,0.07320609529585687,0.05376028202115159,false
2019-10-18,accessories,2238,60,52,0.02680965147453083,0.02323503127792672,false
2019-10-18,apparel,29951,539,539,0.017996060231711797,0.017996060231711797,false
2019-10-18,appliances,36303,4053,2347,0.11164366581274275,0.06465030438255792,false
2019-10-18,auto,6827,361,246,0.05287827742785997,0.03603339680679654,false
2019-10-18,computers,16387,1265,795,0.07719533776774272,0.048514066027948985,false
2019-10-18,construction,5365,430,271,0.08014911463187326,0.050512581547064304,false
2019-10-18,country_yard,156,3,3,0.019230769230769232,0.019230769230769232,false
2019-10-18,electronics,153145,20408,12470,0.13325932939371185,0.08142609944823533,false
2019-10-18,furniture,8482,233,186,0.027469936335769867,0.021928790379627448,false
2019-10-18,kids,5018,221,157,0.04404145077720207,0.031287365484256674,false
2019-10-18,medicine,137,16,8,0.11678832116788321,0.058394160583941604,false
2019-10-18,sport,1767,69,32,0.03904923599320883,0.018109790605546124,false
2019-10-18,stationery,96,2,1,0.020833333333333332,0.010416666666666666,false
2019-10-18,unknown,115813,7163,5036,0.06184970599155535,0.043483892136461366,false
2019-10-19,accessories,2258,50,37,0.022143489813994686,0.016386182462356066,false
2019-10-19,apparel,18531,416,416,0.022448869461982622,0.022448869461982622,false
2019-10-19,appliances,36632,4148,2462,0.1132343306398777,0.06720899759772876,false
2019-10-19,auto,6685,316,216,0.04727000747943157,0.03231114435302917,false
2019-10-19,computers,16412,1177,728,0.07171581769436998,0.04435778698513283,false
2019-10-19,construction,5403,408,250,0.07551360355358135,0.04627059041273367,false
2019-10-19,country_yard,134,2,0,0.014925373134328358,0.0,false
2019-10-19,electronics,153499,20245,11954,0.13189011003329013,0.07787672883862436,false
2019-10-19,furniture,8871,238,171,0.026828993349115093,0.01927629354075076,false
2019-10-19,kids,5048,185,133,0.036648177496038034,0.026347068145800318,false
2019-10-19,medicine,183,25,8,0.1366120218579235,0.04371584699453552,false
2019-10-19,sport,1994,74,41,0.037111334002006016,0.020561685055165497,false
2019-10-19,stationery,73,5,3,0.0684931506849315,0.0410958904109589,false
2019-10-19,unknown,110156,6992,4944,0.0634736192309089,0.04488180398707288,false
2019-10-20,accessories,2357,58,45,0.02460755197284684,0.019092066185829443,false
2019-10-20,apparel,17553,388,388,0.022104483564063124,0.022104483564063124,false
2019-10-20,appliances,37413,4251,2427,0.11362360676770107,0.06487049955897682,false
2019-10-20,auto,7150,304,220,0.04251748251748252,0.03076923076923077,false
2019-10-20,computers,17378,1237,773,0.07118195419495914,0.04448152836920244,false
2019-10-20,construction,5863,442,261,0.07538802660753881,0.044516459150605495,false
2019-10-20,country_yard,161,6,5,0.037267080745341616,0.031055900621118012,false
2019-10-20,electronics,159543,19940,11880,0.1249819797797459,0.07446268404129294,false
2019-10-20,furniture,8983,234,185,0.02604920405209841,0.020594456195035065,false
2019-10-20,kids,5326,195,140,0.03661284265865565,0.026286143447239955,false
2019-10-20,medicine,156,20,13,0.1282051282051282,0.08333333333333333,false
2019-10-20,sport,2028,64,36,0.03155818540433925,0.01775147928994083,false
2019-10-20,stationery,118,8,5,0.06779661016949153,0.0423728813559322,false
2019-10-20,unknown,121405,7512,5314,0.06187554054610601,0.04377084963551748,false
2019-10-21,accessories,2238,67,54,0.02993744414655943,0.024128686327077747,false
2019-10-21,apparel,17329,390,390,0.02250562640660165,0.02250562640660165,false
2019-10-21,appliances,35928,3740,2222,0.10409708305499889,0.061845914050322866,false
2019-10-21,auto,7177,350,232,0.04876689424550648,0.03232548418559287,false
2019-10-21,computers,16601,1241,783,0.0747545328594663,0.047165833383531114,false
2019-10-21,construction,5907,494,287,0.08362959200948028,0.04858642288809886,false
2019-10-21,country_yard,172,3,1,0.01744186046511628,0.005813953488372093,false
2019-10-21,electronics,144209,19318,12140,0.13395835211394574,0.08418337274372611,false
2019-10-21,furniture,8398,232,181,0.02762562514884496,0.021552750654917838,false
2019-10-21,kids,5382,201,166,0.037346711259754736,0.030843552582683016,false
2019-10-21,medicine,145,19,8,0.1310344827586207,0.05517241379310345,false
2019-10-21,sport,1971,69,26,0.0350076103500761,0.013191273465246067,false
2019-10-21,stationery,88,5,3,0.056818181818181816,0.03409090909090909,false
2019-10-21,unknown,117541,7315,5344,0.062233603593639664,0.04546498668549698,false
2019-10-22,accessories,2167,63,56,0.029072450392247345,0.025842178126442086,false
2019-10-22,apparel,16325,360,360,0.022052067381316997,0.022052067381316997,false
2019-10-22,appliances,36732,3973,2273,0.1081618207557443,0.06188064902537297,false
2019-10-22,auto,8066,429,299,0.053186213736672455,0.037069179271014135,false
2019-10-22,computers,16964,1269,789,0.07480547040792265,0.046510257014854985,false
2019-10-22,construction,5938,467,286,0.0786460087571573,0.04816436510609633,false
2019-10-22,country_yard,153,2,2,0.013071895424836602,0.013071895424836602,false
2019-10-22,electronics,140027,19189,12154,0.13703785698472437,0.08679754618752097,false
2019-10-22,furniture,8383,216,184,0.025766432064893235,0.021949182870094237,false
2019-10-22,kids,5376,208,156,0.03869047619047619,0.029017857142857144,false
2019-10-22,medicine,176,27,14,0.1534090909090909,0.07954545454545454,false
2019-10-22,sport,1825,42,30,0.023013698630136987,0.01643835616438356,false
2019-10-22,stationery,100,11,6,0.11,0.06,false
2019-10-22,unknown,116674,7037,5143,0.060313351732176834,0.044080086394569486,false
2019-10-23,accessories,2106,61,54,0.028964862298195632,0.02564102564102564,false
2019-10-23,apparel,16542,339,339,0.02049328980776206,0.02049328980776206,false
2019-10-23,appliances,35989,3941,2323,0.10950568229181139,0.06454750062519103,false
2019-10-23,auto,7936,405,280,0.05103326612903226,0.03528225806451613,false
2019-10-23,computers,16848,1296,818,0.07692307692307693,0.04855175688509022,false
2019-10-23,construction,5807,442,252,0.07611503358016188,0.043395901498191836,false
2019-10-23,country_yard,134,2,1,0.014925373134328358,0.007462686567164179,false
2019-10-23,electronics,138079,19215,11919,0.13915946668211676,0.08632015005902419,false
2019-10-23,furniture,9640,309,245,0.03205394190871369,0.0254149377593361,false
2019-10-23,kids,5414,228,187,0.0421130402659771,0.03454008127077946,false
2019-10-23,medicine,221,31,11,0.14027149321266968,0.049773755656108594,false
2019-10-23,sport,1842,87,42,0.04723127035830619,0.02280130293159609,false
2019-10-23,stationery,76,9,5,0.11842105263157894,0.06578947368421052,false
2019-10-23,unknown,112296,6848,4928,0.060981691244567926,0.043884020802165705,false
2019-10-24,accessories,2057,55,45,0.026737967914438502,0.021876519202722412,false
2019-10-24,apparel,13735,374,374,0.027229705132872224,0.027229705132872224,false
2019-10-24,appliances,33063,3662,2155,0.11075824940265554,0.06517859843329402,false
2019-10-24,auto,6631,361,257,0.054441260744985676,0.03875735183230282,false
2019-10-24,computers,15901,1229,783,0.07729073643167096,0.0492421860260361,false
2019-10-24,construction,5808,436,261,0.07506887052341597,0.04493801652892562,false
2019-10-24,country_yard,149,3,1,0.020134228187919462,0.006711409395973154,false
2019-10-24,electronics,135431,18665,11679,0.13781925851540636,0.08623579534966146,false
2019-10-24,furniture,8685,264,210,0.030397236614853194,0.024179620034542316,false
2019-10-24,kids,5836,211,158,0.036154900616860865,0.027073337902673064,false
2019-10-24,medicine,194,23,12,0.11855670103092783,0.061855670103092786,false
2019-10-24,sport,2093,120,67,0.05733397037744864,0.03201146679407549,false
2019-10-24,stationery,89,1,1,0.011235955056179775,0.011235955056179775,false
2019-10-24,unknown,103179,6491,4749,0.06291008829316043,0.04602680778065304,false
2019-10-25,accessories,2006,55,48,0.027417746759720838,0.023928215353938187,false
2019-10-25,apparel,10876,212,212,0.019492460463405664,0.019492460463405664,false
2019-10-25,appliances,36632,3952,2198,0.1078838174273859,0.06000218388294387,false
2019-10-25,auto,7354,303,210,0.04120206690236606,0.028555887952134894,false
2019-10-25,computers,17830,1294,814,0.07257431295569265,0.04565339315759955,false
2019-10-25,construction,6507,428,232,0.06577531888735208,0.035653911172583375,false
2019-10-25,country_yard,139,1,0,0.007194244604316547,0.0,false
2019-10-25,electronics,142279,19286,11499,0.13555057316961744,0.08082007885914295,false
2019-10-25,furniture,19555,526,456,0.02689849143441575,0.023318844285349017,false
2019-10-25,kids,6306,240,173,0.038058991436726926,0.02743418966064066,false
2019-10-25,medicine,215,35,18,0.16279069767441862,0.08372093023255814,false
2019-10-25,sport,2299,92,49,0.04001739886907351,0.021313614615050023,false
2019-10-25,stationery,104,8,3,0.07692307692307693,0.028846153846153848,false
2019-10-25,unknown,114130,6622,4873,0.05802155436782616,0.04269692455971261,false
2019-10-26,accessories,2033,62,48,0.030496802754549926,0.023610427939006393,false
2019-10-26,apparel,9845,218,213,0.022143219908583037,0.021635347892331132,false
2019-10-26,appliances,34530,4067,2378,0.11778163915435853,0.06886765131769476,false
2019-10-26,auto,6220,314,212,0.05048231511254019,0.03408360128617363,false
2019-10-26,computers,16612,1195,750,0.07193594991572358,0.045148085721165424,false
2019-10-26,construction,5431,412,232,0.07586079911618486,0.042717731541152645,false
2019-10-26,country_yard,142,3,2,0.02112676056338028,0.014084507042253521,false
2019-10-26,electronics,134827,18382,11204,0.13633767717148643,0.0830990825279803,false
2019-10-26,furniture,14510,387,330,0.026671261199172985,0.022742935906271536,false
2019-10-26,kids,5908,207,152,0.03503723764387272,0.025727826675693975,false
2019-10-26,medicine,174,24,12,0.13793103448275862,0.06896551724137931,false
2019-10-26,sport,1719,61,35,0.035485747527632346,0.02036067481093659,false
2019-10-26,stationery,100,10,7,0.1,0.07,false
2019-10-26,unknown,99776,5866,4186,0.05879169339320077,0.041953976908274536,false
2019-10-27,accessories,1936,62,47,0.03202479338842975,0.02427685950413223,false
2019-10-27,apparel,9840,194,188,0.019715447154471544,0.019105691056910568,false
2019-10-27,appliances,34148,4010,2462,0.11743001054234509,0.07209792667213306,false
2019-10-27,auto,5768,263,192,0.04559639389736477,0.033287101248266296,false
2019-10-27,computers,16585,1173,777,0.07072656014470907,0.04684956285800422,false
2019-10-27,construction,5086,338,201,0.06645694062131341,0.039520251671254426,false
2019-10-27,country_yard,117,3,1,0.02564102564102564,0.008547008547008548,false
2019-10-27,electronics,137251,18179,11473,0.13245076538604456,0.08359137638341432,false
2019-10-27,furniture,14397,402,356,0.02792248385080225,0.024727373758421895,false
2019-10-27,kids,5173,218,172,0.042141890585733616,0.03324956504929441,false
2019-10-27,medicine,165,24,11,0.14545454545454545,0.06666666666666667,false
2019-10-27,sport,1636,71,43,0.04339853300733496,0.02628361858190709,false
2019-10-27,stationery,92,11,6,0.11956521739130435,0.06521739130434782,false
2019-10-27,unknown,99665,5905,4399,0.059248482416093914,0.044137861837154464,false
2019-10-28,accessories,1793,40,37,0.022308979364194088,0.02063580591187953,false
2019-10-28,apparel,9672,193,193,0.019954507857733665,0.019954507857733665,false
2019-10-28,appliances,28154,1947,1728,0.069155359806777,0.06137671378844924,false
2019-10-28,auto,5526,297,248,0.05374592833876222,0.044878754976474845,false
2019-10-28,computers,16025,693,620,0.04324492979719189,0.03868954758190327,false
2019-10-28,construction,4810,250,191,0.05197505197505198,0.03970893970893971,false
2019-10-28,country_yard,122,1,1,0.00819672131147541,0.00819672131147541,false
2019-10-28,electronics,124297,14008,10259,0.11269781249748587,0.0825361834959814,false
2019-10-28,furniture,20403,435,422,0.021320394059697104,0.020683232857913052,false
2019-10-28,kids,4194,166,150,0.039580352885073916,0.0357653791130186,false
2019-10-28,medicine,145,14,9,0.09655172413793103,0.06206896551724138,false
2019-10-28,sport,1305,25,25,0.019157088122605363,0.019157088122605363,false
2019-10-28,stationery,102,1,1,0.00980392156862745,0.00980392156862745,false
2019-10-28,unknown,104277,5043,4437,0.048361575419315864,0.04255013090134929,false
2019-10-29,accessories,1779,41,36,0.02304665542439573,0.02023608768971332,false
2019-10-29,apparel,10156,198,198,0.019495864513588028,0.019495864513588028,false
2019-10-29,appliances,27955,1898,1650,0.06789483097835808,0.05902343051332499,false
2019-10-29,auto,5921,270,205,0.04560040533693633,0.03462252997804425,false
2019-10-29,computers,15875,740,641,0.046614173228346455,0.040377952755905513,false
2019-10-29,construction,4590,249,199,0.0542483660130719,0.04335511982570806,false
2019-10-29,country_yard,125,0,0,0.0,0.0,false
2019-10-29,electronics,123192,13631,10023,0.11064841872848886,0.0813608026495227,false
2019-10-29,furniture,17058,350,337,0.020518231914644157,0.019756126157814514,false
2019-10-29,kids,4212,174,165,0.04131054131054131,0.03917378917378917,false
2019-10-29,medicine,139,8,6,0.05755395683453238,0.04316546762589928,false
2019-10-29,sport,1247,26,26,0.020850040096230954,0.020850040096230954,false
2019-10-29,stationery,85,5,4,0.058823529411764705,0.047058823529411764,false
2019-10-29,unknown,101251,4899,4281,0.04838470731153272,0.04228106389072701,false
2019-10-30,accessories,1768,58,53,0.032805429864253395,0.02997737556561086,false
2019-10-30,apparel,10070,207,207,0.020556107249255214,0.020556107249255214,false
2019-10-30,appliances,27535,1928,1679,0.07001997457781006,0.06097693844198293,false
2019-10-30,auto,6049,277,214,0.045792693007108615,0.035377748388163335,false
2019-10-30,computers,15118,763,686,0.05046963884111655,0.045376372536049744,false
2019-10-30,construction,4315,215,166,0.04982618771726535,0.038470451911935113,false
2019-10-30,country_yard,109,3,1,0.027522935779816515,0.009174311926605505,false
2019-10-30,electronics,122529,13690,10141,0.11172865199258951,0.08276408034016437,false
2019-10-30,furniture,16985,377,369,0.02219605534294966,0.021725051516043568,false
2019-10-30,kids,4300,165,157,0.03837209302325582,0.03651162790697674,false
2019-10-30,medicine,128,10,7,0.078125,0.0546875,false
2019-10-30,sport,1262,20,20,0.01584786053882726,0.01584786053882726,false
2019-10-30,stationery,89,0,0,0.0,0.0,false
2019-10-30,unknown,99544,4977,4386,0.049997990838222296,0.04406091778510006,false
2019-10-31,accessories,1835,43,41,0.023433242506811988,0.0223433242506812,false
2019-10-31,apparel,11349,206,206,0.018151378976121246,0.018151378976121246,false
2019-10-31,appliances,28451,1827,1604,0.06421566904502478,0.056377631717690065,false
2019-10-31,auto,5911,243,191,0.041109795296904075,0.03231263745559127,false
2019-10-31,computers,15664,741,655,0.047305924412665984,0.04181562819203269,false
2019-10-31,construction,4817,234,185,0.04857795308283164,0.03840564666805065,false
2019-10-31,country_yard,133,1,1,0.007518796992481203,0.007518796992481203,false
2019-10-31,electronics,125872,13557,9924,0.10770465234523961,0.07884199822041439,false
2019-10-31,furniture,17483,381,372,0.02179259852428073,0.021277812732368586,false
2019-10-31,kids,4617,126,113,0.02729044834307992,0.024474767164825644,false
2019-10-31,medicine,175,16,9,0.09142857142857143,0.05142857142857143,false
2019-10-31,sport,1348,35,32,0.02596439169139466,0.02373887240356083,false
2019-10-31,stationery,88,7,7,0.07954545454545454,0.07954545454545454,false
2019-10-31,unknown,101025,4948,4316,0.04897797574857708,0.042722098490472656,false
2019-11-01,accessories,2140,47,45,0.021962616822429906,0.02102803738317757,false
2019-11-01,apparel,14483,148,147,0.010218877304425878,0.01014983083615273,false
2019-11-01,appliances,34595,2068,1835,0.059777424483306835,0.053042347159994216,false
2019-11-01,auto,6568,267,203,0.040651644336175394,0.030907429963459195,false
2019-11-01,computers,18465,806,711,0.04365014893040888,0.03850528025995126,false
2019-11-01,construction,5573,234,171,0.041988157186434595,0.030683653328548357,false
2019-11-01,country_yard,123,1,1,0.008130081300813009,0.008130081300813009,false
2019-11-01,electronics,145436,15110,10946,0.10389449654830991,0.07526334607662477,false
2019-11-01,furniture,17074,323,316,0.01891765257116083,0.018507672484479324,false
2019-11-01,kids,5510,183,162,0.03321234119782214,0.0294010889292196,false
2019-11-01,medicine,150,9,8,0.06,0.05333333333333334,false
2019-11-01,sport,1600,22,21,0.01375,0.013125,false
2019-11-01,stationery,86,3,2,0.03488372093023256,0.023255813953488372,false
2019-11-01,unknown,115439,5934,5074,0.051403771688943944,0.043953949705039026,false
2019-11-02,accessories,2339,49,46,0.020949123557075674,0.01966652415562206,false
2019-11-02,apparel,16183,215,215,0.013285546561206204,0.013285546561206204,false
2019-11-02,appliances,36794,2101,1818,0.057101701364352886,0.04941022992879274,false
2019-11-02,auto,6984,281,207,0.0402348224513173,0.029639175257731958,false
2019-11-02,computers,19091,740,650,0.038761720182284846,0.034047456916871825,false
2019-11-02,construction,5709,230,180,0.040287265720791735,0.03152916447714135,false
2019-11-02,country_yard,138,2,2,0.014492753623188406,0.014492753623188406,false
2019-11-02,electronics,149754,14462,10269,0.09657171093927375,0.06857245883248528,false
2019-11-02,furniture,18605,356,344,0.019134641225477023,0.01848965331900027,false
2019-11-02,kids,5946,176,156,0.029599730911537166,0.026236125126135216,false
2019-11-02,medicine,153,13,5,0.08496732026143791,0.032679738562091505,false
2019-11-02,sport,1655,20,19,0.012084592145015106,0.011480362537764351,false
2019-11-02,stationery,107,6,5,0.056074766355140186,0.04672897196261682,false
2019-11-02,unknown,124847,6174,5287,0.04945252989659343,0.042347833748508174,false
2019-11-03,accessories,2402,59,54,0.024562864279766863,0.022481265611990008,false
2019-11-03,apparel,16147,258,258,0.01597820028488264,0.01597820028488264,false
2019-11-03,appliances,39160,2134,1821,0.05449438202247191,0.04650153217568948,false
2019-11-03,auto,7314,277,200,0.03787257314738857,0.027344818156959255,false
2019-11-03,computers,19302,750,627,0.03885607709045695,0.03248368044762201,false
2019-11-03,construction,5556,248,180,0.04463642908567315,0.032397408207343416,false
2019-11-03,country_yard,129,1,1,0.007751937984496124,0.007751937984496124,false
2019-11-03,electronics,156033,15215,10867,0.09751142386546435,0.06964552370331917,false
2019-11-03,furniture,16732,317,309,0.018945732727707387,0.018467606980635907,false
2019-11-03,kids,5234,138,130,0.026366068016813144,0.02483760030569354,false
2019-11-03,medicine,154,9,5,0.05844155844155844,0.032467532467532464,false
2019-11-03,sport,1593,17,15,0.010671688637790333,0.009416195856873822,false
2019-11-03,stationery,119,9,7,0.07563025210084033,0.058823529411764705,false
2019-11-03,unknown,123988,6015,5106,0.04851275929928703,0.0411814046520631,false
2019-11-04,accessories,2836,69,64,0.024330042313117067,0.022566995768688293,false
2019-11-04,apparel,21584,308,308,0.014269829503335805,0.014269829503335805,false
2019-11-04,appliances,44482,2470,2152,0.05552807877343645,0.0483791196439009,false
2019-11-04,auto,8726,331,246,0.037932615173046066,0.02819161127664451,false
2019-11-04,computers,22018,931,790,0.042283586156780816,0.03587973476246707,false
2019-11-04,construction,6492,270,203,0.041589648798521256,0.03126925446703635,false
2019-11-04,country_yard,181,3,2,0.016574585635359115,0.011049723756906077,false
2019-11-04,electronics,176056,17267,12390,0.09807674830735676,0.07037533512064344,false
2019-11-04,furniture,15652,244,229,0.015589062100690007,0.014630718119090213,false
2019-11-04,kids,6011,169,145,0.028115122275827648,0.02412244218931958,false
2019-11-04,medicine,203,15,8,0.07389162561576355,0.03940886699507389,false
2019-11-04,sport,1786,20,19,0.011198208286674132,0.010638297872340425,false
2019-11-04,stationery,129,10,10,0.07751937984496124,0.07751937984496124,false
2019-11-04,unknown,149279,8328,7184,0.055788155065347435,0.04812465249633237,false
2019-11-05,accessories,2801,44,40,0.01570867547304534,0.014280614066404856,false
2019-11-05,apparel,21586,326,326,0.01510238117298249,0.01510238117298249,false
2019-11-05,appliances,40578,2099,1802,0.05172753708906304,0.044408300064074126,false
2019-11-05,auto,8478,311,234,0.03668317999528191,0.027600849256900213,false
2019-11-05,computers,21242,846,748,0.03982675830901045,0.035213256755484416,false
2019-11-05,construction,5845,263,205,0.04499572284003422,0.03507271171941831,false
2019-11-05,country_yard,174,1,1,0.005747126436781609,0.005747126436781609,false
2019-11-05,electronics,160275,15408,11099,0.09613476836686945,0.06924972703166432,false
2019-11-05,furniture,14090,226,213,0.01603974449964514,0.015117104329311569,false
2019-11-05,kids,5740,161,146,0.02804878048780488,0.025435540069686412,false
2019-11-05,medicine,161,6,5,0.037267080745341616,0.031055900621118012,false
2019-11-05,sport,1611,29,29,0.018001241464928614,0.018001241464928614,false
2019-11-05,stationery,98,4,4,0.04081632653061224,0.04081632653061224,false
2019-11-05,unknown,147801,7971,6978,0.05393062293218585,0.04721212982320823,false
2019-11-06,accessories,2709,42,39,0.015503875968992248,0.014396456256921373,false
2019-11-06,apparel,21147,357,357,0.016881827209533268,0.016881827209533268,false
2019-11-06,appliances,39926,2244,1957,0.05620397735811251,0.0490156790061614,false
2019-11-06,auto,8156,318,239,0.03898970083374203,0.029303580186365866,false
2019-11-06,computers,21129,830,720,0.0392825027213782,0.034076387902882296,false
2019-11-06,construction,5766,258,196,0.044745057232049947,0.03399236906000694,false
2019-11-06,country_yard,143,0,0,0.0,0.0,false
2019-11-06,electronics,157738,15738,11418,0.09977304137240234,0.0723858550254219,false
2019-11-06,furniture,13569,221,211,0.016287125064485222,0.015550151079666888,false
2019-11-06,kids,5563,164,144,0.02948049613517886,0.025885313679669245,false
2019-11-06,medicine,168,9,7,0.05357142857142857,0.041666666666666664,false
2019-11-06,sport,1664,34,30,0.020432692307692308,0.018028846153846152,false
2019-11-06,stationery,133,12,11,0.09022556390977443,0.08270676691729323,false
2019-11-06,unknown,142470,7590,6665,0.0532743735523268,0.04678177862006036,false
2019-11-07,accessories,2952,59,56,0.019986449864498646,0.018970189701897018,false
2019-11-07,apparel,27684,424,423,0.015315705822857968,0.01527958387516255,false
2019-11-07,appliances,42256,2284,1984,0.05405149564558879,0.046951912154486936,false
2019-11-07,auto,8762,380,275,0.04336909381419767,0.03138552841816937,false
2019-11-07,computers,21987,835,716,0.037976986401055166,0.03256469732114431,false
2019-11-07,construction,6941,269,191,0.03875522259040484,0.027517648753781876,false
2019-11-07,country_yard,149,1,1,0.006711409395973154,0.006711409395973154,false
2019-11-07,electronics,167086,15529,11054,0.09294016255102162,0.06615754761021271,false
2019-11-07,furniture,15294,242,227,0.015823198639989537,0.014842421864783576,false
2019-11-07,kids,6726,191,172,0.02839726434730895,0.025572405590246802,false
2019-11-07,medicine,210,14,10,0.06666666666666667,0.047619047619047616,false
2019-11-07,sport,2097,34,33,0.016213638531235097,0.015736766809728183,false
2019-11-07,stationery,114,5,5,0.043859649122807015,0.043859649122807015,false
2019-11-07,unknown,153521,7506,6673,0.04889233394779867,0.0434663661648895,false
2019-11-08,accessories,3088,141,58,0.045660621761658034,0.01878238341968912,false
2019-11-08,apparel,23688,998,348,0.04213103681188787,0.014690982776089158,false
2019-11-08,appliances,48763,4773,2189,0.09788159055021226,0.04489059327769005,false
2019-11-08,auto,9568,606,236,0.06333612040133779,0.024665551839464884,false
2019-11-08,computers,32206,1854,830,0.057566912997578094,0.025771595354902813,false
2019-11-08,construction,7582,553,220,0.07293590081772619,0.02901609074122923,false
2019-11-08,country_yard,172,3,1,0.01744186046511628,0.005813953488372093,false
2019-11-08,electronics,191863,23073,12334,0.12025768386817677,0.0642854536830968,false
2019-11-08,furniture,16593,688,252,0.04146326764298198,0.015187127101789911,false
2019-11-08,kids,7745,359,163,0.046352485474499674,0.0210458360232408,false
2019-11-08,medicine,195,15,8,0.07692307692307693,0.041025641025641026,false
2019-11-08,sport,2304,117,47,0.05078125,0.020399305555555556,false
2019-11-08,stationery,152,17,6,0.1118421052631579,0.039473684210526314,false
2019-11-08,unknown,158394,14859,5817,0.09381037160498504,0.03672487594227054,false
2019-11-09,accessories,2964,111,33,0.03744939271255061,0.011133603238866396,false
2019-11-09,apparel,22736,1005,351,0.04420302603800141,0.015438071780436312,false
2019-11-09,appliances,44514,4487,2045,0.10079974839376377,0.045940602956373276,false
2019-11-09,auto,8373,524,232,0.06258210916039651,0.027708109399259526,false
2019-11-09,computers,29408,1703,665,0.057909412404787815,0.022612894450489664,false
2019-11-09,construction,6983,468,175,0.06701990548474868,0.02506086209365602,false
2019-11-09,country_yard,191,11,0,0.05759162303664921,0.0,false
2019-11-09,electronics,178786,20777,10825,0.11621156018927657,0.06054724642869128,false
2019-11-09,furniture,15458,620,189,0.040108681588821325,0.012226678742398758,false
2019-11-09,kids,8449,323,125,0.03822937625754527,0.014794650254467984,false
2019-11-09,medicine,174,14,6,0.08045977011494253,0.034482758620689655,false
2019-11-09,sport,2269,100,37,0.044072278536800354,0.01630674305861613,false
2019-11-09,stationery,147,21,6,0.14285714285714285,0.04081632653061224,false
2019-11-09,unknown,146066,14024,5316,0.09601139211041584,0.036394506592910054,false
2019-11-10,accessories,3127,127,42,0.04061400703549728,0.013431403901503039,false
2019-11-10,apparel,21683,1039,364,0.047917723562237696,0.016787344924595306,false
2019-11-10,appliances,46321,4377,2012,0.0944927786533106,0.043436022538373524,false
2019-11-10,auto,8524,526,231,0.06170811825434069,0.02709995307367433,false
2019-11-10,computers,30253,1743,698,0.0576141209136284,0.023072092023931512,false
2019-11-10,construction,7570,554,195,0.07318361955085866,0.025759577278731835,false
2019-11-10,country_yard,140,3,1,0.02142857142857143,0.007142857142857143,false
2019-11-10,electronics,182549,20544,10661,0.11253964688932834,0.0584007581526056,false
2019-11-10,furniture,15757,598,205,0.03795138668528273,0.013010090753315986,false
2019-11-10,kids,7870,361,155,0.045870393900889456,0.019695044472681066,false
2019-11-10,medicine,154,18,7,0.11688311688311688,0.045454545454545456,false
2019-11-10,sport,2402,118,45,0.049125728559533725,0.018734388009991675,false
2019-11-10,stationery,130,15,7,0.11538461538461539,0.05384615384615385,false
2019-11-10,unknown,149541,14808,5558,0.09902301041186029,0.03716706455085896,false
2019-11-11,accessories,3269,141,51,0.043132456408687674,0.01560110125420618,false
2019-11-11,apparel,23630,1020,377,0.04316546762589928,0.015954295387219635,false
2019-11-11,appliances,50039,4337,1938,0.08667239553148544,0.0387297907632047,false
2019-11-11,auto,10033,606,271,0.060400677763380844,0.027010864148310575,false
2019-11-11,computers,36121,2044,825,0.05658758063176546,0.022839899227596137,false
2019-11-11,construction,8159,524,191,0.0642235568084324,0.023409731584753034,false
2019-11-11,country_yard,189,5,1,0.026455026455026454,0.005291005291005291,false
2019-11-11,electronics,195153,21666,11368,0.11102058384959493,0.05825173069335342,false
2019-11-11,furniture,16840,659,224,0.03913301662707838,0.01330166270783848,false
2019-11-11,kids,8652,385,163,0.04449838187702265,0.018839574664817383,false
2019-11-11,medicine,195,19,8,0.09743589743589744,0.041025641025641026,false
2019-11-11,sport,2554,110,47,0.04306969459671104,0.01840250587314017,false
2019-11-11,stationery,181,22,10,0.12154696132596685,0.055248618784530384,false
2019-11-11,unknown,167450,15987,6273,0.09547327560465811,0.03746192893401015,false
2019-11-12,accessories,3169,115,46,0.036289050173556325,0.01451562006942253,false
2019-11-12,apparel,22782,958,320,0.04205074181371258,0.01404617680625055,false
2019-11-12,appliances,49131,4290,1827,0.08731757953227087,0.037186297856750324,false
2019-11-12,auto,9885,553,212,0.05594334850784016,0.02144663631765301,false
2019-11-12,computers,35957,1873,715,0.05208999638457046,0.019884862474622466,false
2019-11-12,construction,8499,507,169,0.05965407695022944,0.019884692316743145,false
2019-11-12,country_yard,214,10,3,0.04672897196261682,0.014018691588785047,false
2019-11-12,electronics,191272,20894,10659,0.10923710736542724,0.055726922916056715,false
2019-11-12,furniture,17431,646,223,0.03706040961505364,0.012793299294360622,false
2019-11-12,kids,9001,420,178,0.046661482057549164,0.01977558049105655,false
2019-11-12,medicine,212,20,10,0.09433962264150944,0.04716981132075472,false
2019-11-12,sport,2506,105,41,0.04189944134078212,0.01636073423782921,false
2019-11-12,stationery,239,13,4,0.05439330543933055,0.016736401673640166,false
2019-11-12,unknown,163438,14174,5363,0.08672401767030923,0.03281366634442418,false
2019-11-13,accessories,3355,166,53,0.04947839046199702,0.015797317436661698,false
2019-11-13,apparel,21090,869,285,0.04120436225699384,0.013513513513513514,false
2019-11-13,appliances,50971,4227,1731,0.08292950893645407,0.033960487335936124,false
2019-11-13,auto,9942,558,223,0.05612552806276403,0.022430094548380606,false
2019-11-13,computers,36374,1892,761,0.05201517567493264,0.020921537361851872,false
2019-11-13,construction,8349,555,196,0.06647502694933526,0.023475865373098575,false
2019-11-13,country_yard,179,6,3,0.0335195530726257,0.01675977653631285,false
2019-11-13,electronics,197431,22012,10899,0.11149211623301306,0.055204096621098,false
2019-11-13,furniture,16894,643,218,0.03806085000591926,0.012903989582100154,false
2019-11-13,kids,9018,382,149,0.04235972499445553,0.01652251053448658,false
2019-11-13,medicine,190,23,4,0.12105263157894737,0.021052631578947368,false
2019-11-13,sport,2602,112,44,0.04304381245196003,0.016910069177555727,false
2019-11-13,stationery,167,14,2,0.08383233532934131,0.011976047904191617,false
2019-11-13,unknown,162247,13656,5030,0.08416796612572189,0.0310021140606606,false
2019-11-14,accessories,4363,262,43,0.06005042402016961,0.009855603942241577,false
2019-11-14,apparel,26116,1690,312,0.0647112880992495,0.011946699341399908,false
2019-11-14,appliances,71634,10057,1914,0.14039422620543318,0.026719155708183263,false
2019-11-14,auto,12077,1311,246,0.10855344870414838,0.020369297010847064,false
2019-11-14,computers,46183,4951,660,0.1072039495052292,0.014290972868804538,false
2019-11-14,construction,10492,1092,169,0.10407929851315288,0.01610751048417842,false
2019-11-14,country_yard,228,10,0,0.043859649122807015,0.0,false
2019-11-14,electronics,262243,50357,10776,0.1920241913034857,0.041091659262592325,false
2019-11-14,furniture,21822,1458,214,0.06681330767115755,0.009806617175327652,false
2019-11-14,kids,8615,653,138,0.07579802669762042,0.016018572257690076,false
2019-11-14,medicine,283,46,7,0.1625441696113074,0.024734982332155476,false
2019-11-14,sport,3326,196,34,0.058929645219482865,0.010222489476849068,false
2019-11-14,stationery,220,24,2,0.10909090909090909,0.00909090909090909,false
2019-11-14,unknown,193582,23603,4625,0.12192765856329617,0.02389168414418696,false
2019-11-15,accessories,7376,672,0,0.0911062906724512,0.0,false
2019-11-15,apparel,44084,4584,0,0.1039833046003085,0.0,false
2019-11-15,appliances,126424,36585,0,0.2893833449345061,0.0,false
2019-11-15,auto,17862,3982,0,0.22293136266935393,0.0,false
2019-11-15,computers,57243,12937,0,0.22600143248956203,0.0,false
2019-11-15,construction,15958,3447,0,0.21600451184358943,0.0,false
2019-11-15,country_yard,525,46,0,0.08761904761904762,0.0,false
2019-11-15,electronics,376380,134561,0,0.35751368297996705,0.0,false
2019-11-15,furniture,37775,4854,0,0.1284976836532098,0.0,false
2019-11-15,kids,12026,1615,0,0.13429236653916515,0.0,false
2019-11-15,medicine,406,109,0,0.2684729064039409,0.0,false
2019-11-15,sport,4655,645,0,0.1385606874328679,0.0,false
2019-11-15,stationery,256,25,0,0.09765625,0.0,false
2019-11-15,unknown,283894,68112,1,0.23992053372033223,3.522441474634899E-6,false
2019-11-16,accessories,9164,678,134,0.07398515931907464,0.014622435617634221,false
2019-11-16,apparel,65308,5709,1069,0.08741654927420836,0.016368591902982788,false
2019-11-16,appliances,154041,33873,8443,0.21989600171382945,0.05481008302984271,false
2019-11-16,auto,21015,3518,796,0.16740423507018795,0.03787770640019034,false
2019-11-16,computers,67906,10969,2625,0.16153211792772362,0.038656377934203165,false
2019-11-16,construction,19278,3112,644,0.16142753397655357,0.03340595497458242,false
2019-11-16,country_yard,512,35,5,0.068359375,0.009765625,false
2019-11-16,electronics,438553,117778,30527,0.2685604704562504,0.06960846237512912,false
2019-11-16,furniture,49071,4956,1055,0.10099651525340833,0.021499459966171464,false
2019-11-16,kids,15024,1615,338,0.10749467518636847,0.022497337593184237,false
2019-11-16,medicine,519,106,26,0.20423892100192678,0.05009633911368015,false
2019-11-16,sport,6032,583,116,0.09665119363395225,0.019230769230769232,false
2019-11-16,stationery,278,25,4,0.08992805755395683,0.014388489208633094,false
2019-11-16,unknown,357793,63325,13159,0.176987811388149,0.03677824887574659,false
2019-11-17,accessories,9172,843,461,0.09191016136066289,0.05026166593981683,false
2019-11-17,apparel,61027,5113,2619,0.08378258803480426,0.04291543087485867,false
2019-11-17,appliances,159173,41263,25982,0.25923366400080416,0.16323120127157245,false
2019-11-17,auto,21719,4226,2594,0.1945761775404024,0.11943459643630001,false
2019-11-17,computers,64291,11488,6973,0.178687530136411,0.10845997106904544,false
2019-11-17,construction,20916,3848,2280,0.18397399120290686,0.10900745840504876,false
2019-11-17,country_yard,549,45,26,0.08196721311475409,0.04735883424408015,false
2019-11-17,electronics,412054,116291,74582,0.28222271838157137,0.18100054847180225,false
2019-11-17,furniture,48298,5637,3219,0.11671290736676466,0.06664872251438983,false
2019-11-17,kids,15757,1883,1048,0.11950244335850733,0.06651012248524465,false
2019-11-17,medicine,572,138,86,0.24125874125874125,0.15034965034965034,false
2019-11-17,sport,6278,673,400,0.10719974514176489,0.06371455877668047,false
2019-11-17,stationery,274,30,17,0.10948905109489052,0.06204379562043796,false
2019-11-17,unknown,356428,68972,38789,0.1935089274692224,0.1088270281796043,false
2019-11-18,accessories,3791,222,92,0.05855974676866262,0.024268003165391717,false
2019-11-18,apparel,20362,1041,418,0.05112464394460269,0.020528435320695412,false
2019-11-18,appliances,55532,5025,2267,0.09048836706763667,0.040823309083051214,false
2019-11-18,auto,10804,730,314,0.06756756756756757,0.029063309885227692,false
2019-11-18,computers,32759,1934,820,0.05903721114808144,0.025031289111389236,false
2019-11-18,construction,9599,674,248,0.07021564746327742,0.025836024585894363,false
2019-11-18,country_yard,230,5,3,0.021739130434782608,0.013043478260869565,false
2019-11-18,electronics,210838,25098,13680,0.11903926237205817,0.06488393932782516,false
2019-11-18,furniture,17488,697,251,0.039855901189387005,0.014352698993595609,false
2019-11-18,kids,9127,488,190,0.05346773309959461,0.020817355100252,false
2019-11-18,medicine,201,27,14,0.13432835820895522,0.06965174129353234,false
2019-11-18,sport,2422,92,34,0.037985136251032205,0.014037985136251032,false
2019-11-18,stationery,228,9,1,0.039473684210526314,0.0043859649122807015,false
2019-11-18,unknown,186912,16109,6295,0.08618494264680705,0.03367895052217086,false
2019-11-19,accessories,3107,149,58,0.047956227872545866,0.018667524943675573,false
2019-11-19,apparel,17870,955,413,0.05344152210408506,0.02311135982092893,false
2019-11-19,appliances,45165,4063,1860,0.0899590390789328,0.04118233145134507,false
2019-11-19,auto,10288,682,285,0.06629082426127528,0.02770217729393468,false
2019-11-19,computers,27395,1667,745,0.060850520167913855,0.027194743566344222,false
2019-11-19,construction,8470,524,193,0.06186540731995278,0.022786304604486423,false
2019-11-19,country_yard,201,5,0,0.024875621890547265,0.0,false
2019-11-19,electronics,179577,21490,11991,0.11967011365598045,0.06677358459045424,false
2019-11-19,furniture,13141,486,187,0.03698348679704741,0.014230271668822769,false
2019-11-19,kids,8906,385,160,0.04322928362901415,0.01796541657309679,false
2019-11-19,medicine,153,13,6,0.08496732026143791,0.0392156862745098,false
2019-11-19,sport,2019,86,25,0.04259534422981674,0.012382367508667657,false
2019-11-19,stationery,186,27,6,0.14516129032258066,0.03225806451612903,false
2019-11-19,unknown,171083,14332,5596,0.08377220413483513,0.03270926976964397,false
2019-11-20,accessories,2768,123,52,0.0444364161849711,0.01878612716763006,false
2019-11-20,apparel,19433,969,395,0.049863634024597335,0.020326249163793546,false
2019-11-20,appliances,42288,4003,1885,0.09466042376087778,0.04457529322739311,false
2019-11-20,auto,10372,657,288,0.06334361743154647,0.027767065175472425,false
2019-11-20,computers,25811,1605,739,0.06218279028321259,0.028631203750339004,false
2019-11-20,construction,9705,512,167,0.05275631117980423,0.017207624935600206,false
2019-11-20,country_yard,188,6,3,0.031914893617021274,0.015957446808510637,false
2019-11-20,electronics,173491,20511,11716,0.11822515288977527,0.06753088056440969,false
2019-11-20,furniture,12265,497,207,0.040521810028536484,0.016877293110476966,false
2019-11-20,kids,11867,465,156,0.03918429257605124,0.01314569815454622,false
2019-11-20,medicine,142,16,8,0.11267605633802817,0.056338028169014086,false
2019-11-20,sport,1820,67,26,0.036813186813186814,0.014285714285714285,false
2019-11-20,stationery,147,15,2,0.10204081632653061,0.013605442176870748,false
2019-11-20,unknown,175546,14920,6007,0.08499196791724106,0.03421895115810101,false
2019-11-21,accessories,2638,145,60,0.05496588324488249,0.022744503411675512,false
2019-11-21,apparel,20297,995,404,0.04902202295905799,0.01990441937232103,false
2019-11-21,appliances,39919,3827,1804,0.0958691349983717,0.04519151281344723,false
2019-11-21,auto,9998,557,248,0.05571114222844569,0.02480496099219844,false
2019-11-21,computers,25418,1551,701,0.06101974978361791,0.027578881107876308,false
2019-11-21,construction,9121,496,160,0.05438000219274202,0.017541936191207103,false
2019-11-21,country_yard,150,3,0,0.02,0.0,false
2019-11-21,electronics,163746,19902,11319,0.12154190026015903,0.06912535268037082,false
2019-11-21,furniture,11535,464,205,0.04022540095361942,0.017771998266146512,false
2019-11-21,kids,15172,502,179,0.0330872660163459,0.011798049037701028,false
2019-11-21,medicine,164,22,10,0.13414634146341464,0.06097560975609756,false
2019-11-21,sport,1797,70,34,0.038953811908736785,0.018920422927100722,false
2019-11-21,stationery,146,10,4,0.0684931506849315,0.0273972602739726,false
2019-11-21,unknown,176468,16684,6737,0.09454405331278191,0.038176893261101165,false
2019-11-22,accessories,2662,112,44,0.042073628850488355,0.01652892561983471,false
2019-11-22,apparel,16351,925,385,0.056571463519050826,0.023545960491713046,false
2019-11-22,appliances,38936,4193,1940,0.10768954181220464,0.04982535442777892,false
2019-11-22,auto,8989,550,234,0.061185893870285904,0.026031816664812548,false
2019-11-22,computers,24816,1557,691,0.06274177949709865,0.027844938749194068,false
2019-11-22,construction,6722,473,219,0.0703659625111574,0.03257958940791431,false
2019-11-22,country_yard,125,3,2,0.024,0.016,false
2019-11-22,electronics,154502,19975,11205,0.1292863522802294,0.07252333303128762,false
2019-11-22,furniture,10790,424,181,0.03929564411492122,0.016774791473586653,false
2019-11-22,kids,8488,363,154,0.042766258246936854,0.01814326107445806,false
2019-11-22,medicine,162,11,5,0.06790123456790123,0.030864197530864196,false
2019-11-22,sport,1658,70,26,0.04221954161640531,0.015681544028950542,false
2019-11-22,stationery,145,12,5,0.08275862068965517,0.034482758620689655,false
2019-11-22,unknown,145443,14036,5794,0.09650516009708271,0.039836912054894355,false
2019-11-23,accessories,2406,130,56,0.05403158769742311,0.023275145469659187,false
2019-11-23,apparel,15291,770,326,0.05035641880844941,0.021319730560460402,false
2019-11-23,appliances,37720,4055,1922,0.10750265111346766,0.05095440084835631,false
2019-11-23,auto,8056,511,237,0.06343098311817279,0.02941906653426018,false
2019-11-23,computers,22786,1488,668,0.06530325638549987,0.029316246818221717,false
2019-11-23,construction,6454,366,135,0.05670901766346452,0.020917260613572977,false
2019-11-23,country_yard,121,4,0,0.03305785123966942,0.0,false
2019-11-23,electronics,155784,18970,10605,0.12177117033841729,0.06807502696040672,false
2019-11-23,furniture,10426,419,157,0.04018799155956263,0.01505850757721082,false
2019-11-23,kids,10080,391,145,0.03878968253968254,0.014384920634920634,false
2019-11-23,medicine,121,10,5,0.08264462809917356,0.04132231404958678,false
2019-11-23,sport,1805,63,21,0.034903047091412745,0.011634349030470914,false
2019-11-23,stationery,109,11,4,0.10091743119266056,0.03669724770642202,false
2019-11-23,unknown,140359,12166,4838,0.08667773352617217,0.03446875512079738,false
2019-11-24,accessories,2546,117,44,0.04595443833464258,0.01728201099764336,false
2019-11-24,apparel,14272,715,310,0.05009809417040359,0.02172085201793722,false
2019-11-24,appliances,36984,4026,1889,0.10885788449059053,0.05107614103396063,false
2019-11-24,auto,8170,489,216,0.059853121175030596,0.026438188494492042,false
2019-11-24,computers,23321,1457,665,0.062475880108057116,0.02851507225247631,false
2019-11-24,construction,6052,422,172,0.06972901520158625,0.028420356906807668,false
2019-11-24,country_yard,105,3,0,0.02857142857142857,0.0,false
2019-11-24,electronics,152150,19107,10956,0.12558001971738417,0.07200788695366414,false
2019-11-24,furniture,10387,489,212,0.04707807836718975,0.020410128044671225,false
2019-11-24,kids,7218,370,131,0.05126073704627321,0.018149071765031864,false
2019-11-24,medicine,127,22,9,0.1732283464566929,0.07086614173228346,false
2019-11-24,sport,1690,81,28,0.04792899408284024,0.016568047337278107,false
2019-11-24,stationery,135,8,3,0.05925925925925926,0.022222222222222223,false
2019-11-24,unknown,135170,13248,5362,0.09800991344233188,0.0396685655100984,false
2019-11-25,accessories,2499,136,57,0.05442176870748299,0.022809123649459785,true
2019-11-25,apparel,15728,831,339,0.05283570701932858,0.021553916581892166,true
2019-11-25,appliances,38572,3856,1843,0.09996888934978741,0.04778077361816862,true
2019-11-25,auto,8691,535,254,0.061557933494419514,0.029225635715107584,true
2019-11-25,computers,25490,1622,731,0.06363279717536288,0.028677912907022363,true
2019-11-25,construction,6533,420,152,0.06428899433644573,0.02326649318842798,true
2019-11-25,country_yard,143,1,0,0.006993006993006993,0.0,true
2019-11-25,electronics,160157,19707,11295,0.12304800914103037,0.07052454778748353,true
2019-11-25,furniture,10617,464,212,0.043703494395780355,0.01996797588772723,true
2019-11-25,kids,8506,362,152,0.04255819421584764,0.01786973900775923,true
2019-11-25,medicine,127,14,7,0.11023622047244094,0.05511811023622047,true
2019-11-25,sport,1833,86,32,0.046917621385706494,0.01745771958537916,true
2019-11-25,stationery,155,15,2,0.0967741935483871,0.012903225806451613,true
2019-11-25,unknown,154729,15486,6361,0.10008466415474798,0.041110586897091045,true
2019-11-26,accessories,2683,130,46,0.048453224002981736,0.01714498695490123,true
2019-11-26,apparel,18682,921,342,0.04929879027941334,0.01830639117867466,true
2019-11-26,appliances,41950,4230,1895,0.10083432657926103,0.045172824791418355,true
2019-11-26,auto,9295,563,246,0.06057019903173749,0.026465841850457236,true
2019-11-26,computers,26396,1748,733,0.0662221548719503,0.02776935899378694,true
2019-11-26,construction,6831,491,191,0.07187820231298492,0.027960767091201873,true
2019-11-26,country_yard,164,3,0,0.018292682926829267,0.0,true
2019-11-26,electronics,160208,20815,11224,0.12992484769799262,0.07005892339958054,true
2019-11-26,furniture,12575,556,192,0.04421471172962227,0.015268389662027834,true
2019-11-26,kids,8044,405,151,0.05034808552958727,0.018771755345599203,true
2019-11-26,medicine,155,18,10,0.11612903225806452,0.06451612903225806,true
2019-11-26,sport,1953,73,20,0.037378392217101895,0.010240655401945725,true
2019-11-26,stationery,212,25,3,0.1179245283018868,0.014150943396226415,true
2019-11-26,unknown,145226,14489,5750,0.09976863647005357,0.039593461225951275,true
2019-11-27,accessories,2882,174,65,0.06037473976405274,0.02255378209576683,true
2019-11-27,apparel,18632,912,352,0.048948046371833406,0.018892228424216402,true
2019-11-27,appliances,42522,4426,1975,0.10408729598795917,0.046446545317717886,true
2019-11-27,auto,10024,611,270,0.0609537110933759,0.02693535514764565,true
2019-11-27,computers,26764,1759,774,0.06572261246450456,0.02891944402929308,true
2019-11-27,construction,6751,467,197,0.0691749370463635,0.029180862094504517,true
2019-11-27,country_yard,131,1,0,0.007633587786259542,0.0,true
2019-11-27,electronics,163046,21083,11579,0.1293070667173681,0.07101676827398402,true
2019-11-27,furniture,11962,492,195,0.04113024577829794,0.016301621802374183,true
2019-11-27,kids,7482,399,164,0.053327987169206094,0.021919272921678695,true
2019-11-27,medicine,204,19,9,0.09313725490196079,0.04411764705882353,true
2019-11-27,sport,1993,81,27,0.040642247867536375,0.013547415955845458,true
2019-11-27,stationery,198,21,7,0.10606060606060606,0.03535353535353535,true
2019-11-27,unknown,142522,13843,5528,0.0971288643156846,0.03878699428860106,true
2019-11-28,accessories,2758,166,72,0.06018854242204496,0.02610587382160986,true
2019-11-28,apparel,16392,815,287,0.04971937530502684,0.01750854075158614,true
2019-11-28,appliances,43974,4462,2012,0.10146904989311867,0.04575430936462455,true
2019-11-28,auto,9560,597,260,0.062447698744769874,0.027196652719665274,true
2019-11-28,computers,28291,1832,789,0.06475557597822629,0.027888727863985014,true
2019-11-28,construction,6268,442,161,0.07051691129546905,0.02568602425015954,true
2019-11-28,country_yard,119,3,1,0.025210084033613446,0.008403361344537815,true
2019-11-28,electronics,169610,21794,11780,0.12849478214727905,0.06945345203702612,true
2019-11-28,furniture,11514,523,196,0.04542296334896648,0.017022754907069653,true
2019-11-28,kids,7586,402,149,0.05299235433693646,0.019641444766675453,true
2019-11-28,medicine,206,35,17,0.16990291262135923,0.0825242718446602,true
2019-11-28,sport,2081,80,19,0.03844305622296973,0.00913022585295531,true
2019-11-28,stationery,190,20,7,0.10526315789473684,0.03684210526315789,true
2019-11-28,unknown,139044,13405,5292,0.09640833117574293,0.03805989470958833,true
2019-11-29,accessories,2711,167,57,0.061600885282183694,0.02102545186278126,true
2019-11-29,apparel,16126,804,311,0.049857373186158994,0.019285625697631155,true
2019-11-29,appliances,53654,6416,3005,0.11958101912252582,0.05600700786521042,true
2019-11-29,auto,9874,637,297,0.06451286206198097,0.030078995341300385,true
2019-11-29,computers,34364,2938,1289,0.08549644977301828,0.03751018507740659,true
2019-11-29,construction,6497,562,225,0.08650146221332923,0.034631368323841775,true
2019-11-29,country_yard,147,7,3,0.047619047619047616,0.02040816326530612,true
2019-11-29,electronics,209487,30037,16159,0.14338359898227576,0.07713605140175762,true
2019-11-29,furniture,11536,560,228,0.04854368932038835,0.019764216366158115,true
2019-11-29,kids,7493,456,185,0.060856799679701055,0.024689710396369944,true
2019-11-29,medicine,186,21,6,0.11290322580645161,0.03225806451612903,true
2019-11-29,sport,2154,121,54,0.05617455896007428,0.025069637883008356,true
2019-11-29,stationery,304,14,3,0.046052631578947366,0.009868421052631578,true
2019-11-29,unknown,145992,15530,6345,0.10637569181872979,0.04346128554989315,true
2019-11-30,accessories,2602,132,51,0.05073020753266718,0.01960030745580323,true
2019-11-30,apparel,15697,837,298,0.053322290883608334,0.01898451933490476,true
2019-11-30,appliances,44416,5625,2598,0.12664355187319884,0.058492435158501443,true
2019-11-30,auto,8809,577,260,0.06550119196276535,0.02951526847542286,true
2019-11-30,computers,28014,2375,1076,0.08477903905190262,0.03840936674519883,true
2019-11-30,construction,5708,510,213,0.08934828311142257,0.03731604765241766,true
2019-11-30,country_yard,119,2,0,0.01680672268907563,0.0,true
2019-11-30,electronics,177527,25016,13550,0.14091377649596962,0.07632641795332541,true
2019-11-30,furniture,11508,637,260,0.05535279805352798,0.02259297879735836,true
2019-11-30,kids,7692,400,170,0.052002080083203325,0.022100884035361413,true
2019-11-30,medicine,180,33,14,0.18333333333333332,0.07777777777777778,true
2019-11-30,sport,1942,112,45,0.057672502574665295,0.023171987641606592,true
2019-11-30,stationery,202,26,10,0.12871287128712872,0.04950495049504951,true
2019-11-30,unknown,134753,14200,5815,0.10537798787411042,0.043153028132954366,true
