category_l1,price_band,week_start,carted_items,purchased_items,abandoned_items,abandonment_rate,is_black_friday_week
accessories,1,2019-09-30,56,16,40,0.7142857142857143,false
accessories,2,2019-09-30,14,6,8,0.5714285714285714,false
accessories,3,2019-09-30,2,2,0,0.0,false
appliances,1,2019-09-30,1649,570,1079,0.6543359611885992,false
appliances,2,2019-09-30,3034,1311,1723,0.5678971654581411,false
appliances,3,2019-09-30,2380,1042,1338,0.5621848739495798,false
appliances,4,2019-09-30,952,381,571,0.5997899159663865,false
auto,1,2019-09-30,310,102,208,0.6709677419354839,false
auto,2,2019-09-30,744,327,417,0.5604838709677419,false
auto,3,2019-09-30,85,37,48,0.5647058823529412,false
auto,4,2019-09-30,21,9,12,0.5714285714285714,false
computers,1,2019-09-30,363,101,262,0.721763085399449,false
computers,2,2019-09-30,535,202,333,0.6224299065420561,false
computers,3,2019-09-30,1972,798,1174,0.5953346855983773,false
computers,4,2019-09-30,1543,603,940,0.609202851587816,false
construction,1,2019-09-30,217,91,126,0.5806451612903226,false
construction,2,2019-09-30,349,144,205,0.5873925501432665,false
construction,3,2019-09-30,59,23,36,0.6101694915254238,false
construction,4,2019-09-30,16,5,11,0.6875,false
country_yard,1,2019-09-30,7,3,4,0.5714285714285714,false
country_yard,2,2019-09-30,1,0,1,1.0,false
electronics,1,2019-09-30,2926,1022,1904,0.6507177033492823,false
electronics,2,2019-09-30,14761,8124,6637,0.44963078382223426,false
electronics,3,2019-09-30,32935,17123,15812,0.4800971610748444,false
electronics,4,2019-09-30,33479,16872,16607,0.4960422951701066,false
furniture,1,2019-09-30,11,5,6,0.5454545454545454,false
furniture,2,2019-09-30,45,14,31,0.6888888888888889,false
furniture,3,2019-09-30,9,2,7,0.7777777777777778,false
kids,1,2019-09-30,3,1,2,0.6666666666666666,false
kids,2,2019-09-30,30,8,22,0.7333333333333333,false
kids,3,2019-09-30,70,33,37,0.5285714285714286,false
kids,4,2019-09-30,118,33,85,0.7203389830508474,false
sport,1,2019-09-30,40,9,31,0.775,false
sport,2,2019-09-30,1,1,0,0.0,false
sport,3,2019-09-30,5,2,3,0.6,false
sport,4,2019-09-30,8,2,6,0.75,false
stationery,1,2019-09-30,6,4,2,0.3333333333333333,false
stationery,2,2019-09-30,2,0,2,1.0,false
stationery,3,2019-09-30,1,0,1,1.0,false
unknown,1,2019-09-30,407,100,307,0.7542997542997543,false
unknown,2,2019-09-30,4246,1483,2763,0.6507300989166274,false
unknown,3,2019-09-30,3512,1259,2253,0.6415148063781321,false
unknown,4,2019-09-30,1954,765,1189,0.6084953940634595,false
accessories,1,2019-10-07,25,11,14,0.56,false
accessories,2,2019-10-07,11,5,6,0.5454545454545454,false
accessories,4,2019-10-07,1,1,0,0.0,false
appliances,1,2019-10-07,978,414,564,0.5766871165644172,false
appliances,2,2019-10-07,1792,865,927,0.5172991071428571,false
appliances,3,2019-10-07,1157,496,661,0.5713050993949871,false
appliances,4,2019-10-07,393,160,233,0.5928753180661578,false
auto,1,2019-10-07,277,111,166,0.5992779783393501,false
auto,2,2019-10-07,1155,585,570,0.4935064935064935,false
auto,3,2019-10-07,112,53,59,0.5267857142857143,false
auto,4,2019-10-07,23,9,14,0.6086956521739131,false
computers,1,2019-10-07,202,83,119,0.5891089108910891,false
computers,2,2019-10-07,311,148,163,0.5241157556270096,false
computers,3,2019-10-07,417,194,223,0.5347721822541966,false
computers,4,2019-10-07,395,188,207,0.5240506329113924,false
construction,1,2019-10-07,295,120,175,0.5932203389830508,false
construction,2,2019-10-07,403,172,231,0.5732009925558312,false
construction,3,2019-10-07,91,39,52,0.5714285714285714,false
construction,4,2019-10-07,30,11,19,0.6333333333333333,false
country_yard,1,2019-10-07,1,1,0,0.0,false
electronics,1,2019-10-07,2409,953,1456,0.6044001660440017,false
electronics,2,2019-10-07,13996,8191,5805,0.4147613603886825,false
electronics,3,2019-10-07,30586,17192,13394,0.437912770548617,false
electronics,4,2019-10-07,26565,14852,11713,0.440918501788067,false
furniture,1,2019-10-07,49,17,32,0.6530612244897959,false
furniture,2,2019-10-07,105,52,53,0.5047619047619047,false
furniture,3,2019-10-07,27,13,14,0.5185185185185185,false
kids,1,2019-10-07,1,0,1,1.0,false
kids,2,2019-10-07,11,4,7,0.6363636363636364,false
kids,3,2019-10-07,179,79,100,0.5586592178770949,false
kids,4,2019-10-07,99,35,64,0.6464646464646465,false
medicine,2,2019-10-07,7,3,4,0.5714285714285714,false
medicine,3,2019-10-07,6,3,3,0.5,false
sport,1,2019-10-07,8,2,6,0.75,false
sport,2,2019-10-07,9,3,6,0.6666666666666666,false
sport,3,2019-10-07,3,1,2,0.6666666666666666,false
sport,4,2019-10-07,3,1,2,0.6666666666666666,false
stationery,1,2019-10-07,8,2,6,0.75,false
stationery,2,2019-10-07,5,1,4,0.8,false
stationery,3,2019-10-07,1,0,1,1.0,false
unknown,1,2019-10-07,232,72,160,0.6896551724137931,false
unknown,2,2019-10-07,4290,1683,2607,0.6076923076923076,false
unknown,3,2019-10-07,3492,1445,2047,0.5861970217640321,false
unknown,4,2019-10-07,1638,702,936,0.5714285714285714,false
accessories,1,2019-10-14,70,19,51,0.7285714285714285,false
accessories,2,2019-10-14,25,11,14,0.56,false
accessories,3,2019-10-14,14,7,7,0.5,false
accessories,4,2019-10-14,27,8,19,0.7037037037037037,false
apparel,1,2019-10-14,1,0,1,1.0,false
apparel,4,2019-10-14,3,3,0,0.0,false
appliances,1,2019-10-14,7466,3201,4265,0.5712563621751943,false
appliances,2,2019-10-14,8040,3633,4407,0.548134328358209,false
appliances,3,2019-10-14,8960,3562,5398,0.6024553571428571,false
appliances,4,2019-10-14,2507,943,1564,0.6238532110091743,false
auto,1,2019-10-14,244,99,145,0.5942622950819673,false
auto,2,2019-10-14,1122,483,639,0.56951871657754,false
auto,3,2019-10-14,108,48,60,0.5555555555555556,false
auto,4,2019-10-14,12,2,10,0.8333333333333334,false
computers,1,2019-10-14,645,211,434,0.6728682170542636,false
computers,2,2019-10-14,1155,443,712,0.6164502164502165,false
computers,3,2019-10-14,2635,1150,1485,0.5635673624288425,false
computers,4,2019-10-14,2865,1197,1668,0.5821989528795811,false
construction,1,2019-10-14,898,325,573,0.6380846325167038,false
construction,2,2019-10-14,1286,571,715,0.5559875583203733,false
construction,3,2019-10-14,379,161,218,0.575197889182058,false
construction,4,2019-10-14,95,21,74,0.7789473684210526,false
country_yard,1,2019-10-14,6,4,2,0.3333333333333333,false
country_yard,2,2019-10-14,1,0,1,1.0,false
country_yard,3,2019-10-14,3,1,2,0.6666666666666666,false
electronics,1,2019-10-14,4906,1813,3093,0.6304525071341215,false
electronics,2,2019-10-14,25969,13828,12141,0.46751896491971195,false
electronics,3,2019-10-14,55047,27289,27758,0.5042599960034153,false
electronics,4,2019-10-14,52926,25663,27263,0.5151154442051166,false
furniture,1,2019-10-14,412,136,276,0.6699029126213593,false
furniture,2,2019-10-14,282,115,167,0.5921985815602837,false
furniture,3,2019-10-14,46,21,25,0.5434782608695652,false
furniture,4,2019-10-14,6,3,3,0.5,false
kids,1,2019-10-14,44,9,35,0.7954545454545454,false
kids,2,2019-10-14,146,41,105,0.7191780821917808,false
kids,3,2019-10-14,282,92,190,0.6737588652482269,false
kids,4,2019-10-14,195,72,123,0.6307692307692307,false
medicine,1,2019-10-14,36,13,23,0.6388888888888888,false
medicine,2,2019-10-14,51,19,32,0.6274509803921569,false
medicine,3,2019-10-14,54,20,34,0.6296296296296297,false
medicine,4,2019-10-14,7,3,4,0.5714285714285714,false
sport,1,2019-10-14,105,42,63,0.6,false
sport,2,2019-10-14,155,41,114,0.7354838709677419,false
sport,3,2019-10-14,16,4,12,0.75,false
sport,4,2019-10-14,22,3,19,0.8636363636363636,false
stationery,1,2019-10-14,16,5,11,0.6875,false
stationery,2,2019-10-14,5,3,2,0.4,false
stationery,3,2019-10-14,7,2,5,0.7142857142857143,false
unknown,1,2019-10-14,1363,476,887,0.6507703595011005,false
unknown,2,2019-10-14,9566,3608,5958,0.6228308592933306,false
unknown,3,2019-10-14,10467,3834,6633,0.6337059329320722,false
unknown,4,2019-10-14,6355,2412,3943,0.620456333595594,false
accessories,1,2019-10-21,71,28,43,0.6056338028169014,false
accessories,2,2019-10-21,28,16,12,0.42857142857142855,false
accessories,3,2019-10-21,12,4,8,0.6666666666666666,false
accessories,4,2019-10-21,29,11,18,0.6206896551724138,false
apparel,1,2019-10-21,18,6,12,0.6666666666666666,false
appliances,1,2019-10-21,6312,2687,3625,0.5743029150823827,false
appliances,2,2019-10-21,6891,3282,3609,0.5237265999129299,false
appliances,3,2019-10-21,7185,2977,4208,0.5856645789839945,false
appliances,4,2019-10-21,2390,888,1502,0.6284518828451883,false
auto,1,2019-10-21,257,106,151,0.5875486381322957,false
auto,2,2019-10-21,1016,450,566,0.5570866141732284,false
auto,3,2019-10-21,97,39,58,0.5979381443298969,false
auto,4,2019-10-21,16,7,9,0.5625,false
computers,1,2019-10-21,580,209,371,0.6396551724137931,false
computers,2,2019-10-21,1038,437,601,0.5789980732177264,false
computers,3,2019-10-21,2398,1042,1356,0.5654712260216848,false
computers,4,2019-10-21,2031,845,1186,0.5839487936976858,false
construction,1,2019-10-21,743,266,477,0.6419919246298789,false
construction,2,2019-10-21,1141,465,676,0.5924627519719544,false
construction,3,2019-10-21,295,132,163,0.5525423728813559,false
construction,4,2019-10-21,120,38,82,0.6833333333333333,false
country_yard,1,2019-10-21,6,1,5,0.8333333333333334,false
country_yard,3,2019-10-21,8,4,4,0.5,false
electronics,1,2019-10-21,3670,1407,2263,0.6166212534059945,false
electronics,2,2019-10-21,22569,12148,10421,0.4617395542558377,false
electronics,3,2019-10-21,46631,23331,23300,0.4996676030966524,false
electronics,4,2019-10-21,44597,22382,22215,0.49812767674955716,false
furniture,1,2019-10-21,283,90,193,0.6819787985865724,false
furniture,2,2019-10-21,304,122,182,0.5986842105263158,false
furniture,3,2019-10-21,43,21,22,0.5116279069767442,false
furniture,4,2019-10-21,2,1,1,0.5,false
kids,1,2019-10-21,36,10,26,0.7222222222222222,false
kids,2,2019-10-21,113,36,77,0.6814159292035398,false
kids,3,2019-10-21,270,106,164,0.6074074074074074,false
kids,4,2019-10-21,152,50,102,0.6710526315789473,false
medicine,1,2019-10-21,38,14,24,0.631578947368421,false
medicine,2,2019-10-21,60,31,29,0.48333333333333334,false
medicine,3,2019-10-21,69,22,47,0.6811594202898551,false
medicine,4,2019-10-21,3,0,3,1.0,false
sport,1,2019-10-21,112,38,74,0.6607142857142857,false
sport,2,2019-10-21,242,82,160,0.6611570247933884,false
sport,3,2019-10-21,16,6,10,0.625,false
sport,4,2019-10-21,16,2,14,0.875,false
stationery,1,2019-10-21,17,5,12,0.7058823529411765,false
stationery,2,2019-10-21,12,2,10,0.8333333333333334,false
stationery,3,2019-10-21,4,2,2,0.5,false
unknown,1,2019-10-21,1124,351,773,0.6877224199288257,false
unknown,2,2019-10-21,7841,2981,4860,0.6198189006504272,false
unknown,3,2019-10-21,8262,3187,5075,0.6142580488985718,false
unknown,4,2019-10-21,4836,1894,2942,0.608354011579818,false
accessories,1,2019-10-28,32,10,22,0.6875,false
accessories,2,2019-10-28,5,2,3,0.6,false
accessories,4,2019-10-28,2,0,2,1.0,false
apparel,3,2019-10-28,1,0,1,1.0,false
appliances,1,2019-10-28,684,288,396,0.5789473684210527,false
appliances,2,2019-10-28,1653,826,827,0.500302480338778,false
appliances,3,2019-10-28,903,387,516,0.5714285714285714,false
appliances,4,2019-10-28,329,146,183,0.5562310030395137,false
auto,1,2019-10-28,170,60,110,0.6470588235294118,false
auto,2,2019-10-28,566,257,309,0.5459363957597173,false
auto,3,2019-10-28,54,19,35,0.6481481481481481,false
auto,4,2019-10-28,25,9,16,0.64,false
computers,1,2019-10-28,187,74,113,0.6042780748663101,false
computers,2,2019-10-28,273,100,173,0.6336996336996337,false
computers,3,2019-10-28,590,321,269,0.4559322033898305,false
computers,4,2019-10-28,266,137,129,0.4849624060150376,false
construction,1,2019-10-28,264,106,158,0.5984848484848485,false
construction,2,2019-10-28,395,197,198,0.5012658227848101,false
construction,3,2019-10-28,81,32,49,0.6049382716049383,false
construction,4,2019-10-28,24,10,14,0.5833333333333334,false
country_yard,1,2019-10-28,4,2,2,0.5,false
electronics,1,2019-10-28,1990,745,1245,0.6256281407035176,false
electronics,2,2019-10-28,13498,7797,5701,0.42235886798044153,false
electronics,3,2019-10-28,27940,15558,12382,0.44316392269148175,false
electronics,4,2019-10-28,26676,15232,11444,0.42899985005248165,false
furniture,1,2019-10-28,31,14,17,0.5483870967741935,false
furniture,2,2019-10-28,65,19,46,0.7076923076923077,false
furniture,3,2019-10-28,16,6,10,0.625,false
kids,1,2019-10-28,1,0,1,1.0,false
kids,2,2019-10-28,5,2,3,0.6,false
kids,3,2019-10-28,105,47,58,0.5523809523809524,false
kids,4,2019-10-28,57,19,38,0.6666666666666666,false
medicine,2,2019-10-28,16,4,12,0.75,false
medicine,3,2019-10-28,25,6,19,0.76,false
sport,1,2019-10-28,1,0,1,1.0,false
sport,2,2019-10-28,4,3,1,0.25,false
sport,3,2019-10-28,4,1,3,0.75,false
sport,4,2019-10-28,2,0,2,1.0,false
stationery,1,2019-10-28,2,1,1,0.5,false
stationery,2,2019-10-28,1,0,1,1.0,false
stationery,3,2019-10-28,3,0,3,1.0,false
unknown,1,2019-10-28,215,70,145,0.6744186046511628,false
unknown,2,2019-10-28,3713,1417,2296,0.6183678965795852,false
unknown,3,2019-10-28,3537,1367,2170,0.6135142776364151,false
unknown,4,2019-10-28,1373,609,764,0.5564457392571013,false
accessories,1,2019-11-04,177,57,120,0.6779661016949152,false
accessories,2,2019-11-04,158,50,108,0.6835443037974683,false
accessories,3,2019-11-04,67,28,39,0.582089552238806,false
accessories,4,2019-11-04,27,7,20,0.7407407407407407,false
apparel,1,2019-11-04,192,44,148,0.7708333333333334,false
apparel,2,2019-11-04,603,189,414,0.6865671641791045,false
apparel,3,2019-11-04,1536,532,1004,0.6536458333333334,false
apparel,4,2019-11-04,1088,336,752,0.6911764705882353,false
appliances,1,2019-11-04,5458,2369,3089,0.5659582264565775,false
appliances,2,2019-11-04,5689,2630,3059,0.5377043417120759,false
appliances,3,2019-11-04,4770,2002,2768,0.580293501048218,false
appliances,4,2019-11-04,1462,564,898,0.6142270861833106,false
auto,1,2019-11-04,772,296,476,0.616580310880829,false
auto,2,2019-11-04,1327,551,776,0.584777694046722,false
auto,3,2019-11-04,205,95,110,0.5365853658536586,false
auto,4,2019-11-04,97,28,69,0.711340206185567,false
computers,1,2019-11-04,968,322,646,0.6673553719008265,false
computers,2,2019-11-04,1090,391,699,0.6412844036697247,false
computers,3,2019-11-04,2618,1200,1418,0.5416348357524828,false
computers,4,2019-11-04,1962,762,1200,0.6116207951070336,false
construction,1,2019-11-04,902,320,582,0.6452328159645233,false
construction,2,2019-11-04,803,317,486,0.6052303860523038,false
construction,3,2019-11-04,348,134,214,0.6149425287356322,false
construction,4,2019-11-04,152,34,118,0.7763157894736842,false
country_yard,1,2019-11-04,8,2,6,0.75,false
country_yard,2,2019-11-04,2,1,1,0.5,false
country_yard,3,2019-11-04,10,0,10,1.0,false
electronics,1,2019-11-04,5304,2011,3293,0.6208521870286576,false
electronics,2,2019-11-04,21567,11810,9757,0.45240413594843976,false
electronics,3,2019-11-04,44022,23284,20738,0.47108264049793286,false
electronics,4,2019-11-04,44884,24094,20790,0.4631940112289457,false
furniture,1,2019-11-04,560,178,382,0.6821428571428572,false
furniture,2,2019-11-04,654,239,415,0.6345565749235474,false
furniture,3,2019-11-04,508,161,347,0.6830708661417323,false
furniture,4,2019-11-04,451,135,316,0.7006651884700665,false
kids,1,2019-11-04,150,52,98,0.6533333333333333,false
kids,2,2019-11-04,209,76,133,0.6363636363636364,false
kids,3,2019-11-04,697,313,384,0.5509325681492109,false
kids,4,2019-11-04,201,72,129,0.6417910447761194,false
medicine,1,2019-11-04,12,6,6,0.5,false
medicine,2,2019-11-04,30,11,19,0.6333333333333333,false
medicine,3,2019-11-04,30,13,17,0.5666666666666667,false
sport,1,2019-11-04,114,49,65,0.5701754385964912,false
sport,2,2019-11-04,144,42,102,0.7083333333333334,false
sport,3,2019-11-04,54,16,38,0.7037037037037037,false
sport,4,2019-11-04,71,29,42,0.5915492957746479,false
stationery,1,2019-11-04,34,15,19,0.5588235294117647,false
stationery,2,2019-11-04,17,4,13,0.7647058823529411,false
stationery,3,2019-11-04,10,4,6,0.6,false
unknown,1,2019-11-04,3066,848,2218,0.7234181343770385,false
unknown,2,2019-11-04,17989,6284,11705,0.6506754127522375,false
unknown,3,2019-11-04,22741,8106,14635,0.6435512950178093,false
unknown,4,2019-11-04,12899,5062,7837,0.6075664780215521,false
accessories,1,2019-11-11,1042,253,789,0.7571976967370442,false
accessories,2,2019-11-11,957,223,734,0.7669801462904912,false
accessories,3,2019-11-11,561,129,432,0.7700534759358288,false
accessories,4,2019-11-11,591,139,452,0.7648054145516074,false
apparel,1,2019-11-11,1214,217,997,0.8212520593080724,false
apparel,2,2019-11-11,3117,635,2482,0.7962784728905999,false
apparel,3,2019-11-11,12132,2688,9444,0.7784371909000989,false
apparel,4,2019-11-11,6841,1380,5461,0.7982751059786581,false
appliances,1,2019-11-11,35651,9549,26102,0.7321533757818856,false
appliances,2,2019-11-11,53557,14971,38586,0.7204660455215938,false
appliances,3,2019-11-11,46726,11944,34782,0.7443821427042759,false
appliances,4,2019-11-11,17290,4336,12954,0.7492192018507808,false
auto,1,2019-11-11,3931,918,3013,0.7664716357161028,false
auto,2,2019-11-11,9164,2507,6657,0.7264295067656046,false
auto,3,2019-11-11,1613,386,1227,0.7606943583384997,false
auto,4,2019-11-11,885,206,679,0.7672316384180791,false
computers,1,2019-11-11,4438,1027,3411,0.7685894547093285,false
computers,2,2019-11-11,8520,2177,6343,0.7444835680751174,false
computers,3,2019-11-11,20846,5247,15599,0.7482970354024753,false
computers,4,2019-11-11,17967,3877,14090,0.7842155062058218,false
construction,1,2019-11-11,4488,1044,3444,0.767379679144385,false
construction,2,2019-11-11,5543,1435,4108,0.7411149197185639,false
construction,3,2019-11-11,3185,762,2423,0.7607535321821036,false
construction,4,2019-11-11,1168,228,940,0.8047945205479452,false
country_yard,1,2019-11-11,73,18,55,0.7534246575342466,false
country_yard,2,2019-11-11,20,5,15,0.75,false
country_yard,3,2019-11-11,66,12,54,0.8181818181818182,false
country_yard,4,2019-11-11,4,1,3,0.75,false
electronics,1,2019-11-11,20255,5118,15137,0.7473216489755616,false
electronics,2,2019-11-11,84231,25709,58522,0.6947798316534293,false
electronics,3,2019-11-11,198764,55316,143448,0.7217001066591535,false
electronics,4,2019-11-11,233805,60304,173501,0.7420756613417164,false
furniture,1,2019-11-11,3822,773,3049,0.7977498691784406,false
furniture,2,2019-11-11,6640,1704,4936,0.7433734939759036,false
furniture,3,2019-11-11,5235,1288,3947,0.75396370582617,false
furniture,4,2019-11-11,4929,1129,3800,0.7709474538445932,false
kids,1,2019-11-11,819,173,646,0.7887667887667887,false
kids,2,2019-11-11,1063,258,805,0.7572906867356538,false
kids,3,2019-11-11,4003,1066,2937,0.7336997252060954,false
kids,4,2019-11-11,1636,406,1230,0.7518337408312958,false
medicine,1,2019-11-11,82,24,58,0.7073170731707317,false
medicine,2,2019-11-11,158,46,112,0.7088607594936709,false
medicine,3,2019-11-11,206,49,157,0.7621359223300971,false
medicine,4,2019-11-11,33,10,23,0.696969696969697,false
sport,1,2019-11-11,848,214,634,0.7476415094339622,false
sport,2,2019-11-11,1000,237,763,0.763,false
sport,3,2019-11-11,437,107,330,0.7551487414187643,false
sport,4,2019-11-11,342,77,265,0.7748538011695907,false
stationery,1,2019-11-11,113,31,82,0.7256637168141593,false
stationery,2,2019-11-11,37,8,29,0.7837837837837838,false
stationery,3,2019-11-11,30,11,19,0.6333333333333333,false
stationery,4,2019-11-11,3,0,3,1.0,false
unknown,1,2019-11-11,16145,3171,12974,0.8035924434809538,false
unknown,2,2019-11-11,78184,17684,60500,0.7738156144479689,false
unknown,3,2019-11-11,113105,25967,87138,0.7704168692807568,false
unknown,4,2019-11-11,101569,24942,76627,0.7544329470606189,false
accessories,1,2019-11-18,461,160,301,0.6529284164859002,false
accessories,2,2019-11-18,389,155,234,0.6015424164524421,false
accessories,3,2019-11-18,146,50,96,0.6575342465753424,false
accessories,4,2019-11-18,112,42,70,0.625,false
apparel,1,2019-11-18,354,104,250,0.7062146892655368,false
apparel,2,2019-11-18,1318,518,800,0.6069802731411229,false
apparel,3,2019-11-18,4490,1709,2781,0.6193763919821826,false
apparel,4,2019-11-18,1136,457,679,0.5977112676056338,false
appliances,1,2019-11-18,12163,4962,7201,0.5920414371454411,false
appliances,2,2019-11-18,10753,4942,5811,0.5404073281874826,false
appliances,3,2019-11-18,7649,3309,4340,0.5673944306445287,false
appliances,4,2019-11-18,2328,981,1347,0.5786082474226805,false
auto,1,2019-11-18,1434,548,886,0.6178521617852162,false
auto,2,2019-11-18,2477,1109,1368,0.5522809850625757,false
auto,3,2019-11-18,333,114,219,0.6576576576576577,false
auto,4,2019-11-18,222,82,140,0.6306306306306306,false
computers,1,2019-11-18,2253,704,1549,0.6875277407900577,false
computers,2,2019-11-18,2201,833,1368,0.6215356656065425,false
computers,3,2019-11-18,4916,2405,2511,0.5107811228641171,false
computers,4,2019-11-18,3135,1346,1789,0.5706539074960127,false
construction,1,2019-11-18,1477,514,963,0.6519972918077184,false
construction,2,2019-11-18,1308,489,819,0.6261467889908257,false
construction,3,2019-11-18,666,230,436,0.6546546546546547,false
construction,4,2019-11-18,322,94,228,0.7080745341614907,false
country_yard,1,2019-11-18,16,7,9,0.5625,false
country_yard,2,2019-11-18,3,0,3,1.0,false
country_yard,3,2019-11-18,10,0,10,1.0,false
country_yard,4,2019-11-18,1,1,0,0.0,false
electronics,1,2019-11-18,9989,3965,6024,0.6030633697066774,false
electronics,2,2019-11-18,35382,19917,15465,0.4370866542309649,false
electronics,3,2019-11-18,60092,32377,27715,0.4612094787991746,false
electronics,4,2019-11-18,57330,32056,25274,0.4408512122797837,false
furniture,1,2019-11-18,899,308,591,0.657397107897664,false
furniture,2,2019-11-18,1334,556,778,0.5832083958020989,false
furniture,3,2019-11-18,818,324,494,0.6039119804400978,false
furniture,4,2019-11-18,678,236,442,0.6519174041297935,false
kids,1,2019-11-18,612,189,423,0.6911764705882353,false
kids,2,2019-11-18,767,239,528,0.6883963494132985,false
kids,3,2019-11-18,1439,555,884,0.6143154968728284,false
kids,4,2019-11-18,374,158,216,0.5775401069518716,false
medicine,1,2019-11-18,21,9,12,0.5714285714285714,false
medicine,2,2019-11-18,55,29,26,0.4727272727272727,false
medicine,3,2019-11-18,53,18,35,0.660377358490566,false
medicine,4,2019-11-18,8,5,3,0.375,false
sport,1,2019-11-18,219,85,134,0.6118721461187214,false
sport,2,2019-11-18,207,76,131,0.6328502415458938,false
sport,3,2019-11-18,87,26,61,0.7011494252873564,false
sport,4,2019-11-18,48,8,40,0.8333333333333334,false
stationery,1,2019-11-18,64,19,45,0.703125,false
stationery,2,2019-11-18,28,8,20,0.7142857142857143,false
stationery,3,2019-11-18,9,0,9,1.0,false
unknown,1,2019-11-18,9510,2436,7074,0.7438485804416404,false
unknown,2,2019-11-18,38115,13496,24619,0.6459136822773186,false
unknown,3,2019-11-18,42844,15781,27063,0.6316637102044627,false
unknown,4,2019-11-18,25259,10877,14382,0.5693812106575874,false
accessories,1,2019-11-25,442,137,305,0.6900452488687783,true
accessories,2,2019-11-25,313,139,174,0.5559105431309904,true
accessories,3,2019-11-25,156,50,106,0.6794871794871795,true
accessories,4,2019-11-25,90,26,64,0.7111111111111111,true
apparel,1,2019-11-25,343,76,267,0.7784256559766763,true
apparel,2,2019-11-25,1024,391,633,0.6181640625,true
apparel,3,2019-11-25,2901,1025,1876,0.6466735608410893,true
apparel,4,2019-11-25,1541,520,1021,0.6625567813108372,true
appliances,1,2019-11-25,11830,4874,6956,0.5879966187658495,true
appliances,2,2019-11-25,10140,4763,5377,0.530276134122288,true
appliances,3,2019-11-25,7618,3174,4444,0.5833552113415594,true
appliances,4,2019-11-25,2542,984,1558,0.6129032258064516,true
auto,1,2019-11-25,1243,518,725,0.583266291230893,true
auto,2,2019-11-25,1974,876,1098,0.5562310030395137,true
auto,3,2019-11-25,284,113,171,0.602112676056338,true
auto,4,2019-11-25,220,94,126,0.5727272727272728,true
computers,1,2019-11-25,2399,857,1542,0.6427678199249688,true
computers,2,2019-11-25,2412,931,1481,0.6140132669983416,true
computers,3,2019-11-25,5183,2447,2736,0.5278796064055566,true
computers,4,2019-11-25,3485,1427,2058,0.5905308464849355,true
construction,1,2019-11-25,1311,471,840,0.6407322654462243,true
construction,2,2019-11-25,1014,387,627,0.6183431952662722,true
construction,3,2019-11-25,582,222,360,0.6185567010309279,true
construction,4,2019-11-25,248,95,153,0.6169354838709677,true
country_yard,1,2019-11-25,7,2,5,0.7142857142857143,true
country_yard,2,2019-11-25,2,0,2,1.0,true
country_yard,3,2019-11-25,8,2,6,0.75,true
country_yard,4,2019-11-25,1,0,1,1.0,true
electronics,1,2019-11-25,9497,3671,5826,0.6134568811203538,true
electronics,2,2019-11-25,32060,17179,14881,0.4641609482220836,true
electronics,3,2019-11-25,57212,30230,26982,0.4716143466405649,true
electronics,4,2019-11-25,55201,30276,24925,0.4515316751508125,true
furniture,1,2019-11-25,947,315,632,0.6673706441393875,true
furniture,2,2019-11-25,1255,526,729,0.5808764940239044,true
furniture,3,2019-11-25,676,261,415,0.613905325443787,true
furniture,4,2019-11-25,602,209,393,0.6528239202657807,true
kids,1,2019-11-25,634,219,415,0.6545741324921136,true
kids,2,2019-11-25,644,207,437,0.6785714285714286,true
kids,3,2019-11-25,1144,461,683,0.597027972027972,true
kids,4,2019-11-25,292,108,184,0.6301369863013698,true
medicine,1,2019-11-25,20,10,10,0.5,true
medicine,2,2019-11-25,52,18,34,0.6538461538461539,true
medicine,3,2019-11-25,68,31,37,0.5441176470588235,true
medicine,4,2019-11-25,7,3,4,0.5714285714285714,true
sport,1,2019-11-25,204,66,138,0.6764705882352942,true
sport,2,2019-11-25,214,86,128,0.5981308411214953,true
sport,3,2019-11-25,101,32,69,0.6831683168316832,true
sport,4,2019-11-25,70,13,57,0.8142857142857143,true
stationery,1,2019-11-25,80,23,57,0.7125,true
stationery,2,2019-11-25,30,6,24,0.8,true
stationery,3,2019-11-25,23,7,16,0.6956521739130435,true
unknown,1,2019-11-25,8512,2495,6017,0.7068843984962406,true
unknown,2,2019-11-25,33542,11955,21587,0.64358118180192,true
unknown,3,2019-11-25,32445,12105,20340,0.6269070735090153,true
unknown,4,2019-11-25,23302,10165,13137,0.5637713500987039,true
