event_id,session_id,user_id,event_timestamp,event_type,product_id,page_url,device_type,browser,created_at
20e5a8e0-8100-4266-a8ad-a5652e0993dd,43c55e40-2399-4bcd-b387-589ec67fa6e2,amandamaxwell@example.net,2024-08-25 14:45:11.372977,page_view,2,main,mobile,chrome,2024-08-25 14:45:11.372977
eedeaea4-1856-47a4-8248-111307d845a4,20cf81a8-7c0a-45ce-a44c-dab8c1c53071,mary47@example.net,2024-08-26 19:00:44.372977,page_view,2,main/list,mobile,firefox,2024-08-26 19:00:44.372977
d6f2b882-0899-4318-94ad-214af95a43fb,a495caf8-a2c1-475f-9edc-129fcbe02bc0,lreid@example.org,2024-08-26 19:05:45.372977,page_view,17,wp-content/explore,mobile,safari,2024-08-26 19:05:45.372977
9f33f632-1177-4422-bd00-25ad86320e60,6501f621-0f05-4bf2-ba6b-b74c6004781c,anthonyorr@example.net,2024-08-27 00:28:33.372977,remove_from_cart,10,app/tag,mobile,firefox,2024-08-27 00:28:33.372977
cf451ad7-a659-4ea0-ab5d-ff72dd1b5491,af53a9c9-e803-416f-a490-f74f995925be,jorgemcdaniel@example.com,2024-08-27 11:26:45.372977,page_view,16,tags/explore/wp-content,mobile,chrome,2024-08-27 11:26:45.372977
dab928d5-97ca-4829-896d-c2eb21ea76ae,75372ec0-3bdd-4eea-99c0-07512a0ace33,sbishop@example.org,2024-08-28 20:12:58.372977,page_view,3,search/category/main,desktop,chrome,2024-08-28 20:12:58.372977
b419d635-f12f-4fe0-9f8e-18ae718997c1,267c2c57-da28-4409-81f6-75abdf2b46a8,christineriggs@example.com,2024-08-28 22:58:18.372977,page_view,20,search,desktop,firefox,2024-08-28 22:58:18.372977
cb942bbd-c917-4698-896d-a785e299a6dc,5b7fbae1-cd13-4e5f-bcc0-ff9d9588b322,monica99@example.org,2024-08-29 02:19:31.372977,add_to_cart,3,categories/tag/wp-content,mobile,safari,2024-08-29 02:19:31.372977
606c8b58-ddab-4ca2-9d86-bfc5aa99e98c,ef0154c5-d1bf-4482-ae68-f5d2c5ee467e,mary47@example.net,2024-08-29 02:20:14.372977,page_view,11,main/main/list,mobile,chrome,2024-08-29 02:20:14.372977
9c9c0cb5-f1fc-4107-b909-dc58491282e5,aece926f-915f-4a2a-802d-46e5bb97d873,thomasjames@example.com,2024-08-29 02:49:15.372977,page_view,18,main/categories/app,desktop,safari,2024-08-29 02:49:15.372977
9aea2c78-2752-4c60-8d00-221e582ca793,cfa9d7bc-8560-40d1-95ed-ac5ac9a6c6fe,brittany58@example.org,2024-08-29 08:18:01.372977,page_view,6,explore/tag,mobile,firefox,2024-08-29 08:18:01.372977
e38c1e13-ca57-4c88-8088-73e4ca2ba361,18b58e01-1821-4d14-92a5-b2681823eec2,zhendricks@example.org,2024-08-29 21:39:02.372977,page_view,19,main/posts/tags,desktop,chrome,2024-08-29 21:39:02.372977
dfe7b99e-6db7-4aa2-a89b-a73c789dbc33,bbf58b84-db41-4a57-a8d9-e22d0d27d864,chelseagordon@example.org,2024-08-30 23:16:27.372977,page_view,19,blog,mobile,chrome,2024-08-30 23:16:27.372977
4706122c-f6a1-4b5a-b772-33e3f98400c9,d71eed16-44b7-4019-adbd-ea46aeb21048,jorgemcdaniel@example.com,2024-08-31 10:51:05.372977,page_view,18,tags/wp-content,desktop,safari,2024-08-31 10:51:05.372977
7b25a729-114b-46a6-b32c-754a9540d163,f95778fc-13d1-4f52-9581-ec811f718630,mary47@example.net,2024-08-31 23:03:47.372977,page_view,1,tags,mobile,safari,2024-08-31 23:03:47.372977
76602f34-9ae9-41ab-ac45-e0fd0a317e58,0316401f-17d9-47f9-908a-007f1013b56c,bstrickland@example.com,2024-09-01 11:59:58.372977,page_view,7,tag/main,mobile,chrome,2024-09-01 11:59:58.372977
e0b1931d-a5b0-4058-983a-89c45b4a79f3,c350c4e3-0899-44ee-a722-cbfd926a3037,harrismichelle@example.com,2024-09-01 12:12:07.372977,search,8,tag/wp-content,mobile,safari,2024-09-01 12:12:07.372977
81d64f82-92ba-441b-9dc4-4f07c1a00fac,af37e4a7-f118-4e2a-b338-5183715b3e6c,zacharymarsh@example.net,2024-09-01 20:46:17.372977,page_view,14,search,desktop,safari,2024-09-01 20:46:17.372977
d5934eb6-1bd6-4c65-9704-ce6769767b8b,d38b8911-4c79-42b7-94be-e7a3879f9851,donna72@example.net,2024-09-01 22:16:07.372977,purchase,12,search,mobile,chrome,2024-09-01 22:16:07.372977
0f928a6a-74dd-46b4-ae15-e9c24f31a149,5e191b1b-41e9-4ffb-bdca-2bd678985b4e,johnbutler@example.org,2024-09-01 22:30:36.372977,search,5,wp-content/tag/wp-content,mobile,firefox,2024-09-01 22:30:36.372977
1e1f143f-562e-458f-906d-12acffaf34d1,5a7c5dab-ca29-432a-955f-22bfdcd2fa10,qtaylor@example.com,2024-09-02 09:49:02.372977,page_view,13,posts,mobile,chrome,2024-09-02 09:49:02.372977
f1a3e2e7-2057-4fd4-85dc-372003888953,3df1fddf-f6b9-481f-be61-a93ceb1eaccc,gonzalezjill@example.org,2024-09-02 14:37:27.372977,page_view,11,wp-content,mobile,chrome,2024-09-02 14:37:27.372977
f6405203-0856-4100-b05d-18de6ca636e1,99866446-7b8d-4ed7-95a4-4a6acb5641f9,michael55@example.org,2024-09-02 23:59:30.372977,page_view,2,tag,desktop,firefox,2024-09-02 23:59:30.372977
22b83bb4-cbcc-44bd-a10b-735f818cd0e5,f9736b8b-37c9-481d-aa9d-9949fd728fa4,ewashington@example.org,2024-09-03 15:04:40.372977,page_view,8,blog/explore,mobile,safari,2024-09-03 15:04:40.372977
1d1ff281-5006-4c62-af8a-cc347fdeba9f,991336d0-8cdd-4a96-9a11-d8c5d804d17e,jennifer58@example.org,2024-09-04 01:51:36.372977,page_view,6,category/explore,mobile,chrome,2024-09-04 01:51:36.372977
e2788c28-b6d8-4d6e-8fb8-1239a41e4fb0,bb286d31-ed40-4aa1-ba1a-c46c37433e13,hmcmillan@example.org,2024-09-04 13:42:39.372977,add_to_cart,9,category/categories,desktop,edge,2024-09-04 13:42:39.372977
a9b694ea-16cb-41f3-bea4-0004494b652b,ee5b9597-b7f9-4ff8-884b-2ed8ca7f2ea8,ewashington@example.org,2024-09-04 22:41:15.372977,page_view,12,tag/search,mobile,chrome,2024-09-04 22:41:15.372977
de245884-cd23-491f-83c8-d0aebf86c6b7,913dad99-576c-4932-b749-69ec96a0f627,donna72@example.net,2024-09-05 07:22:04.372977,add_to_cart,8,list/tags,mobile,chrome,2024-09-05 07:22:04.372977
ac6ae221-06a8-4568-ae1f-84e3f1c10ade,b2e38ee1-8dfb-4d46-b3e0-87450525e487,sarah14@example.com,2024-09-06 19:05:59.372977,search,16,main,mobile,chrome,2024-09-06 19:05:59.372977
e23f7b93-77cc-41ae-9712-6464593192c3,b33cf7a9-011e-4b90-afb5-323756e50b22,willismatthew@example.com,2024-09-06 19:28:07.372977,search,16,categories/tags,mobile,chrome,2024-09-06 19:28:07.372977
ae0b1337-8b4e-43ff-b96c-baf115d84140,355d3e0c-c631-4191-ab51-ac472ccbad70,lwilliams@example.com,2024-09-07 04:58:07.372977,page_view,11,list/app/tag,desktop,chrome,2024-09-07 04:58:07.372977
1131c18e-a232-4e53-9cfa-769cf91c7b3f,387de9ef-fda0-4a22-a37d-9e291885731b,janet76@example.org,2024-09-07 11:51:27.372977,search,8,app,mobile,firefox,2024-09-07 11:51:27.372977
cccc5aca-5da9-4843-84d7-1e2926f331a3,6962db1b-7898-4c58-acc4-bcb2c1a350bc,hmcmillan@example.org,2024-09-07 12:39:49.372977,page_view,8,tag/blog/explore,mobile,safari,2024-09-07 12:39:49.372977
2df2267a-3d10-4ba9-b7c7-2ca2f300f9c0,af397b04-bef7-4c9b-9fc1-dad62366af24,sarah14@example.com,2024-09-07 20:13:51.372977,add_to_cart,9,posts,mobile,chrome,2024-09-07 20:13:51.372977
4154119a-a712-4e54-9575-632760dea6a5,e1de9f46-08a9-4108-8f34-0ee14a200ebc,mary47@example.net,2024-09-07 21:56:37.372977,add_to_cart,11,tags/tags/main,mobile,edge,2024-09-07 21:56:37.372977
48c90726-1215-4da7-b6eb-79dd170b4c2a,42154f14-9bff-47ad-9f77-ba7fc089e2e8,annaschmidt@example.org,2024-09-08 13:32:18.372977,page_view,4,tag/list/search,mobile,firefox,2024-09-08 13:32:18.372977
7ec49967-3781-44a0-b36f-1c96cc8482cb,8640f209-7d12-4e4f-9550-bfafb8be29aa,chelseagordon@example.org,2024-09-08 13:35:17.372977,purchase,11,wp-content/search,desktop,chrome,2024-09-08 13:35:17.372977
0ae1480d-d50d-4d42-aa38-f8dd279f7bb5,d5c73615-8b88-4990-9969-2ec571abe8bd,christineriggs@example.com,2024-09-08 20:13:09.372977,search,7,list/main/blog,desktop,safari,2024-09-08 20:13:09.372977
94370936-a59f-4927-8777-9006e6a3184b,3e962240-d20c-4bf6-88d0-8e3b12b2c677,gonzalezjill@example.org,2024-09-08 20:52:48.372977,page_view,13,category/search,mobile,edge,2024-09-08 20:52:48.372977
1d6680f9-a313-4089-bad3-2e73a0c078ca,e3641696-26a4-4f34-b7cb-2aa3255c1670,zhendricks@example.org,2024-09-09 09:24:29.372977,page_view,1,posts/explore,mobile,safari,2024-09-09 09:24:29.372977
d718c8f4-efc2-4e05-8b4e-4a9ee72eb7f5,d78ab41a-eb5c-420c-98e2-3f6ab01203da,zhendricks@example.org,2024-09-09 10:34:46.372977,page_view,5,categories/tag,mobile,chrome,2024-09-09 10:34:46.372977
1e185d82-b22a-41a1-9e6a-30e895544d17,4d45267f-f213-495a-92bd-6d9a2cfa64e1,lreid@example.org,2024-09-09 22:15:48.372977,page_view,9,app/posts,mobile,chrome,2024-09-09 22:15:48.372977
d0bdb782-f859-4e7e-8b94-0e4bc757e857,91837dfc-18de-40ba-adb6-d37196f8304a,amandamaxwell@example.net,2024-09-10 00:25:23.372977,search,6,explore,mobile,chrome,2024-09-10 00:25:23.372977
0cc70bbd-a378-46d4-a8d7-a9b7d4afa356,71edc47a-bc42-412d-a959-0aa83cc9b4f5,johnny54@example.org,2024-09-10 04:54:14.372977,page_view,19,main,desktop,chrome,2024-09-10 04:54:14.372977
f478a411-eb36-422e-b791-83155602ae8a,5bee1aa6-14c7-4902-ad8b-27535c6545c5,bishopkaren@example.org,2024-09-11 04:02:38.372977,add_to_cart,9,blog,mobile,safari,2024-09-11 04:02:38.372977
9501d23d-7a6c-4404-b077-b2a59599ef0b,9a1d30a6-f254-478a-bb20-38235a7b2bfb,willismatthew@example.com,2024-09-11 15:09:39.372977,page_view,6,tags/tag,desktop,safari,2024-09-11 15:09:39.372977
6eeac9dc-5ecc-4545-bad7-f1dfa03cbe79,c4c91c94-f1c3-4f5e-95f1-6e39b3e96440,zhendricks@example.org,2024-09-12 04:49:18.372977,add_to_cart,19,search,mobile,chrome,2024-09-12 04:49:18.372977
1a692102-685f-4d5f-963c-bec5d7bb6695,a99308df-967b-4a1d-a3ee-823aec752b4b,chamilton@example.com,2024-09-12 06:08:31.372977,add_to_cart,11,tag,desktop,chrome,2024-09-12 06:08:31.372977
e76c1ac1-87ff-45d6-8e5f-791bec8f3074,fec8da88-3fe8-4cb5-bad7-1ed259d212bc,hmcmillan@example.org,2024-09-12 12:50:13.372977,add_to_cart,1,posts/blog,tablet,chrome,2024-09-12 12:50:13.372977
12fbd5bc-9008-4aae-b34b-564e4847a7ba,09d74cb0-3001-423c-8b02-379fe5e05e4c,zacharymarsh@example.net,2024-09-12 21:44:47.372977,page_view,9,search,mobile,chrome,2024-09-12 21:44:47.372977
c31a5463-2614-4ae9-bc81-027e0e9e4d85,54610973-34d0-4254-99f5-29b2fb8b9c70,edwardskenneth@example.org,2024-09-13 19:20:42.372977,page_view,10,explore/tags,mobile,safari,2024-09-13 19:20:42.372977
a2ef3928-d11a-479b-8dd3-ba5a460c159a,c8502b24-56a7-47be-b9f9-6f5ab92262cc,gonzalezjill@example.org,2024-09-13 23:35:43.372977,page_view,15,search/category/app,mobile,chrome,2024-09-13 23:35:43.372977
784f8d40-a8ff-4396-aa40-b0eee9953560,5c55be7c-e038-49cc-a891-74816c72a514,zhendricks@example.org,2024-09-13 23:53:48.372977,remove_from_cart,17,explore/explore,desktop,safari,2024-09-13 23:53:48.372977
418e91cd-1dc0-4afe-bc4a-82965cdf4bbb,27d714a9-5908-42a8-82d8-243fe3cd8aca,jorgemcdaniel@example.com,2024-09-14 14:53:36.372977,add_to_cart,8,tag/main/blog,tablet,chrome,2024-09-14 14:53:36.372977
0f9381ec-fa0f-467b-a784-ce649b8ddcad,fe99ca4c-8e1f-4439-88d7-a01a0aa9d4c1,ucobb@example.org,2024-09-14 20:40:58.372977,page_view,17,categories/app,desktop,chrome,2024-09-14 20:40:58.372977
5cdb3f79-7c65-4a67-8914-e2c6a74ac1fc,e6303b03-ea31-48d4-9cc3-98e504602d4d,donna72@example.net,2024-09-14 21:59:56.372977,page_view,1,app,desktop,firefox,2024-09-14 21:59:56.372977
0bf675c8-6973-4180-8c91-81a998959d24,e9c44e00-7a6b-4c08-b55e-5a62b797fcac,chamilton@example.com,2024-09-15 00:14:48.372977,page_view,9,list/main,desktop,chrome,2024-09-15 00:14:48.372977
9d430652-47de-4881-af08-585160d96e95,75a14924-bfef-4242-8ab0-c30c5674d043,brittany58@example.org,2024-09-15 13:12:50.372977,page_view,6,tags/categories,mobile,chrome,2024-09-15 13:12:50.372977
001799b5-c54b-4c69-80f1-46bca6a53a48,71540bfb-68fc-444f-98a3-5f83faa8ad3f,laurahoover@example.org,2024-09-16 12:36:15.372977,page_view,12,categories/main,mobile,safari,2024-09-16 12:36:15.372977
4cc3f91a-a253-4c17-aeb3-6f7bce6372d6,4d7a8224-6a9b-4b4c-bb22-8f63ad52e5fc,wdickerson@example.com,2024-09-16 14:57:22.372977,add_to_cart,2,explore/posts,mobile,chrome,2024-09-16 14:57:22.372977
62b778e3-e00b-4d12-9267-acc02aeb82cc,16fd9aff-de6e-47aa-91f4-1dfc1f424b67,sbishop@example.org,2024-09-16 21:49:11.372977,add_to_cart,7,app/tags,desktop,chrome,2024-09-16 21:49:11.372977
c0250249-533d-40a3-adf9-30c90fd78876,bdaa1868-65af-4c41-b883-4171c551eed8,lwilliams@example.com,2024-09-17 02:39:45.372977,remove_from_cart,14,category/app/main,desktop,chrome,2024-09-17 02:39:45.372977
e32c1c93-8028-41d4-b0cb-635a3aa1c520,f1a536c8-d49c-4213-84f0-0fdc151e4f32,hmcmillan@example.org,2024-09-17 10:31:47.372977,page_view,5,list,mobile,firefox,2024-09-17 10:31:47.372977
a29b3bad-e462-4c2f-aaca-6ec9009a6b2a,ce1a94bb-64a1-4a44-9a40-e0e9e4945fe6,bstrickland@example.com,2024-09-17 12:42:11.372977,page_view,8,search/categories,mobile,firefox,2024-09-17 12:42:11.372977
1ddaa897-36ee-4cfa-a4d3-e93cd74c36c4,1b53ce47-717c-4b27-ada2-c822daa887fe,hmcmillan@example.org,2024-09-17 17:40:09.372977,search,13,posts/search,desktop,chrome,2024-09-17 17:40:09.372977
eb11c3d8-6c84-4dc4-8608-e8d8c5c91f19,fce464c3-14ca-4ba5-9a8e-b83c8b44dbaf,ucobb@example.org,2024-09-17 21:24:21.372977,page_view,14,category/category/wp-content,mobile,chrome,2024-09-17 21:24:21.372977
8c802322-0531-4539-bfe6-7cb571ec8796,f3fe557e-9c1e-4080-8b66-c04bcd02dd5b,lwilliams@example.com,2024-09-18 07:53:25.372977,page_view,14,search/category/main,desktop,edge,2024-09-18 07:53:25.372977
be722c87-b4fe-4efe-b310-fd4ae42709ee,e0bd711a-c02b-4d38-99b4-8f02e7e416fe,zacharymarsh@example.net,2024-09-18 10:45:29.372977,page_view,19,app/tag/main,mobile,chrome,2024-09-18 10:45:29.372977
41c408fc-68bc-4e9c-88ae-03ad71592649,5c02d84c-0e88-411b-881d-00e0418274b7,bstrickland@example.com,2024-09-18 21:17:53.372977,purchase,19,list,mobile,firefox,2024-09-18 21:17:53.372977
7abdc518-77e9-43e8-b477-1c6f067de018,f2d2dc6d-855c-4e7c-852f-59349f368cc3,edwardskenneth@example.org,2024-09-18 21:43:57.372977,search,14,categories/app/posts,mobile,safari,2024-09-18 21:43:57.372977
c4475826-935f-451b-8acc-a7e586b7c508,f2c1a9f5-3653-42df-8a23-c84286fd5492,michael55@example.org,2024-09-18 23:19:35.372977,page_view,2,explore/wp-content/categories,mobile,chrome,2024-09-18 23:19:35.372977
8de6813b-30e4-40f2-b206-b8a9cd5ff973,0c295b83-877c-4767-9d42-45623ab9eacc,wdickerson@example.com,2024-09-19 23:38:57.372977,page_view,2,list/search,mobile,chrome,2024-09-19 23:38:57.372977
f94ee783-899f-41c2-b4de-fb228814a855,d479e8c4-8a74-4822-a07c-05aa520073fe,chelseagordon@example.org,2024-09-20 11:04:23.372977,page_view,20,list/categories/app,desktop,chrome,2024-09-20 11:04:23.372977
560c0ac8-9899-4fb7-9463-4691c2edd3ae,cdae679c-c3af-49e1-821a-11561b6a314a,amandamaxwell@example.net,2024-09-21 21:33:04.372977,add_to_cart,11,app,mobile,chrome,2024-09-21 21:33:04.372977
26b9766e-4bed-468c-bf40-e94d8c05d5f8,dd37aa21-48fd-4f8f-aae8-007b0163d800,anthonyorr@example.net,2024-09-21 22:51:23.372977,page_view,8,app,mobile,chrome,2024-09-21 22:51:23.372977
11bf2e81-7622-4e59-ae31-f006bb441d68,a1ccd528-b829-41a6-bbba-835e5227812f,mary47@example.net,2024-09-22 19:02:40.372977,search,17,tag,mobile,chrome,2024-09-22 19:02:40.372977
747a2efc-e79f-4fe3-a6f5-68ec8a40e459,8b507601-4cdf-44ef-b4e5-7b528b015923,harrismichelle@example.com,2024-09-22 22:16:07.372977,page_view,8,list/search/app,mobile,chrome,2024-09-22 22:16:07.372977
d1a468ee-06b7-43ea-8b2c-dfef2b79d2af,50787155-b1ca-40e7-96c3-4bf29df49345,amandamaxwell@example.net,2024-09-23 00:15:56.372977,page_view,5,posts,desktop,chrome,2024-09-23 00:15:56.372977
f186ec8f-d32a-4312-9db5-e5b38d2425dd,092c8779-41a2-438e-b4ce-cb17c19152ec,annaschmidt@example.org,2024-09-23 17:38:37.372977,page_view,10,main/tags,mobile,safari,2024-09-23 17:38:37.372977
5f606211-91d5-4c2e-ab28-027656361a18,3c617eab-7fb1-47b1-b486-e18c0118f56c,zhendricks@example.org,2024-09-23 20:43:44.372977,page_view,13,main,desktop,safari,2024-09-23 20:43:44.372977
e55b52ee-ea46-48ba-b1cd-71ea48af1560,f7f55865-f7db-4786-ac0a-bb7226ddf938,hmcmillan@example.org,2024-09-24 12:20:56.372977,page_view,3,blog/tag/search,mobile,edge,2024-09-24 12:20:56.372977
cf2a4658-2dfd-4322-a38b-3ce3bf779bd2,432f327a-cf2b-4c4d-81d3-1ef1205c57e5,amandamaxwell@example.net,2024-09-24 22:40:26.372977,search,10,main/category,mobile,chrome,2024-09-24 22:40:26.372977
375c1d9a-f74b-4c43-a14e-14218a9f9fcd,f88474f4-8e66-4e23-a896-85497d6eb009,edwardskenneth@example.org,2024-09-25 03:49:30.372977,page_view,10,blog,mobile,safari,2024-09-25 03:49:30.372977
2a36aabe-3fbe-4397-9521-91001b25a277,b90e5f46-f92b-4707-801b-0addda34b104,brittany58@example.org,2024-09-25 07:15:13.372977,page_view,16,posts/list/explore,mobile,chrome,2024-09-25 07:15:13.372977
c462c119-58c8-4d00-8555-f6471acbc2ee,46cff7a9-f6b4-48f1-9b88-b4f4a38c44f3,qtaylor@example.com,2024-09-25 14:42:21.372977,remove_from_cart,9,wp-content/category,mobile,chrome,2024-09-25 14:42:21.372977
f1f9e9ba-33a9-4c07-8414-81d55550961b,db62eb9f-34ed-4dcc-bf87-1cc5185410b8,brittany58@example.org,2024-09-25 20:43:34.372977,purchase,14,categories,mobile,safari,2024-09-25 20:43:34.372977
b529bc1a-f865-4f6c-aa59-af3374191a6a,f522ec17-dcb2-48f7-b8b1-2ca63e861b37,ewashington@example.org,2024-09-25 20:47:43.372977,page_view,9,explore/app/list,mobile,firefox,2024-09-25 20:47:43.372977
a5d705bb-6312-4eee-8f61-ee4a7cb00a73,9e0636b5-74ac-4141-9122-508deed2e75b,zhendricks@example.org,2024-09-26 05:39:10.372977,page_view,4,app,tablet,safari,2024-09-26 05:39:10.372977
221a4b0b-c717-4acb-b942-a0de64645922,e4a18b73-428a-4f10-971d-81cb4199f7c1,sarah14@example.com,2024-09-26 19:15:57.372977,search,17,app/search,mobile,chrome,2024-09-26 19:15:57.372977
42e28d9e-c988-443d-9074-ba0df9856941,41426ac2-4beb-4e97-96f1-a5d9d9fcf640,simsrandall@example.net,2024-09-26 22:02:58.372977,purchase,6,blog/main/posts,mobile,chrome,2024-09-26 22:02:58.372977
6991c6cd-ae29-4f00-b0c1-d4aef2c4fb8e,306009c7-b741-475e-92c2-3e12d81dbb5a,amiranda@example.net,2024-09-26 23:11:00.372977,page_view,12,tags/blog/posts,desktop,chrome,2024-09-26 23:11:00.372977
2051d11c-3594-425d-b96b-a67c620900a5,db4daf70-c7e5-4a99-8532-91aa58da1d7f,jorgemcdaniel@example.com,2024-09-27 02:29:06.372977,page_view,17,tags,desktop,chrome,2024-09-27 02:29:06.372977
10e5e18d-316a-48d3-ab6e-51b0d012d674,461e4937-9531-483b-8181-b4d028be73d5,ucobb@example.org,2024-09-27 15:03:32.372977,page_view,3,tag,mobile,chrome,2024-09-27 15:03:32.372977
966ad896-66d1-400a-8b6b-5fb406b26a59,323b03f1-2fe7-47d9-bdd1-f74318533352,sbishop@example.org,2024-09-27 21:44:27.372977,page_view,12,tags,mobile,safari,2024-09-27 21:44:27.372977
a76c0062-c1f1-4008-b449-7dde1f0e2274,408473b6-4aa7-44ef-ad88-d600f34e0fd0,wdickerson@example.com,2024-09-28 01:07:34.372977,page_view,20,main/app/posts,desktop,safari,2024-09-28 01:07:34.372977
b346b3e2-15c5-4e27-a426-0eba62fd3e89,4ce7a868-7ca0-4903-a114-603a4c75aaf1,qtaylor@example.com,2024-09-28 10:38:25.372977,page_view,17,wp-content/app/main,mobile,safari,2024-09-28 10:38:25.372977
a27ff8ac-ee67-4ecc-b471-161787211ddf,237700bc-50d0-4210-8484-a7402f07a2ed,amandamaxwell@example.net,2024-09-28 12:04:28.372977,page_view,10,categories/search,mobile,chrome,2024-09-28 12:04:28.372977
da797a8b-f6f3-4424-87d8-e0b2cdb71e43,3f08683b-0f24-4708-8d22-3d84d1f8b9d5,donna72@example.net,2024-09-28 13:42:14.372977,purchase,8,wp-content,mobile,safari,2024-09-28 13:42:14.372977
20b47184-546e-4a24-9051-c3e46d944343,98ea8760-4078-466f-a61a-3dc11c0b1dec,wdickerson@example.com,2024-09-28 14:28:03.372977,purchase,19,tags/list,mobile,chrome,2024-09-28 14:28:03.372977
4a952130-0e2a-435c-9739-715d1efc78f6,c48c0b84-26ae-43ba-b18b-727fb2459ec2,emendoza@example.com,2024-09-28 23:23:17.372977,page_view,2,main/tag/wp-content,mobile,chrome,2024-09-28 23:23:17.372977
191a3e19-3a15-400d-9a42-bc32b95d3804,3f2503e2-ad1f-48f0-a4c0-c098dc45a2a6,james62@example.com,2024-09-29 15:48:28.372977,page_view,17,categories/list,tablet,safari,2024-09-29 15:48:28.372977
eef9f5d7-d36d-424c-ac84-8cf55ce82706,fb837c0e-15b6-4899-9921-c1aae8111897,ewashington@example.org,2024-09-29 19:57:00.372977,search,19,tags,desktop,chrome,2024-09-29 19:57:00.372977
1c401d58-906b-4224-a5c3-ff7496204af4,46822f0b-9143-412d-b7de-ed1e2b5ac938,bstrickland@example.com,2024-10-01 07:24:44.372977,add_to_cart,9,app,mobile,safari,2024-10-01 07:24:44.372977
00627441-dc79-472f-9d55-49ff424be154,60b1366f-df77-4355-8f20-f0935022d365,christineriggs@example.com,2024-10-01 08:28:50.372977,add_to_cart,17,categories/app,mobile,chrome,2024-10-01 08:28:50.372977
13b278e9-f895-4792-987c-3b54b3dad49e,18326866-75f6-4c4a-83b9-b4d8e8e2a0aa,james62@example.com,2024-10-01 15:54:38.372977,page_view,5,posts/blog,desktop,chrome,2024-10-01 15:54:38.372977
0d49611b-83ef-450f-9693-c5507c16ad6d,0e295e1b-0536-4866-97cf-9e86130ecb9a,chamilton@example.com,2024-10-01 20:12:39.372977,add_to_cart,18,posts/app,mobile,chrome,2024-10-01 20:12:39.372977
9fe92d26-d01c-4841-9dcd-5822ffed8166,28ec5a4d-e77f-4bb9-a25b-624c15cc0ecf,thomasjames@example.com,2024-10-01 21:14:08.372977,add_to_cart,16,explore/explore/tag,desktop,chrome,2024-10-01 21:14:08.372977
d8f8f311-38f8-40f9-810f-9d06db48547e,eae366fc-334a-47ac-847c-a444382dd820,annaschmidt@example.org,2024-10-01 21:43:18.372977,page_view,6,list/categories,mobile,safari,2024-10-01 21:43:18.372977
14f8e83d-9d6a-495f-8819-b32beecdcc21,7b4ba816-bab2-46e0-a9d9-b54c645b5e18,johnny54@example.org,2024-10-01 22:16:02.372977,page_view,18,posts,desktop,safari,2024-10-01 22:16:02.372977
e224c1e7-253e-4d86-8eab-0508bd139e5f,10531e75-ac9f-46d6-9e16-b62b1adb4f45,hmcmillan@example.org,2024-10-02 09:09:59.372977,remove_from_cart,12,wp-content,desktop,firefox,2024-10-02 09:09:59.372977
67caa521-e2bc-4f66-bd8a-a38b34915059,0ae32299-5af0-45ad-90f9-0c8bd9b7339b,edwardskenneth@example.org,2024-10-02 12:24:29.372977,page_view,1,category/list,mobile,safari,2024-10-02 12:24:29.372977
080b0475-acce-4c0f-b008-1abc97c5a810,c0ba428b-f769-4626-919a-856c2274ea7e,ucobb@example.org,2024-10-03 12:29:09.372977,page_view,11,main/category,desktop,firefox,2024-10-03 12:29:09.372977
9e84f6e6-5d2e-4312-9b6f-59b9101152dd,b1537254-3dc8-4703-9d86-7082cdf73d38,mary47@example.net,2024-10-03 22:17:14.372977,page_view,16,list,desktop,firefox,2024-10-03 22:17:14.372977
dc04ba4a-56c6-41a8-8f34-cba1abac02f8,feef9886-2104-4521-b431-224f701fca7a,simsrandall@example.net,2024-10-03 22:44:43.372977,page_view,2,posts/posts,desktop,chrome,2024-10-03 22:44:43.372977
52bba9b0-0a76-4324-bb80-0ec0e917eb6c,ca4586f2-3fac-4d93-9232-3931e53a619b,chelseagordon@example.org,2024-10-03 23:26:22.372977,page_view,18,posts/wp-content,mobile,chrome,2024-10-03 23:26:22.372977
24af3322-6bdf-4da1-a314-5f2ca2f5bae3,e0810452-dd27-4f90-b4f5-ea55f9c160c2,harrismichelle@example.com,2024-10-05 00:10:21.372977,page_view,18,posts/explore,mobile,chrome,2024-10-05 00:10:21.372977
d827e676-77b4-46be-ba14-2698201ec864,53feef4c-c191-48fb-8865-af1d27991e95,simsrandall@example.net,2024-10-05 00:14:23.372977,page_view,17,category,mobile,chrome,2024-10-05 00:14:23.372977
abf2041d-5c39-4756-bffd-bbc4455c74b0,fdae9607-d6d2-4a18-b408-f922a1449c37,edwardskenneth@example.org,2024-10-06 07:06:48.372977,page_view,13,search,desktop,chrome,2024-10-06 07:06:48.372977
1fe5d2a8-91d3-4644-b5df-8695ea8f7014,0cb5d0f3-87de-4d43-bc87-03a5ddb542e2,sbishop@example.org,2024-10-06 09:57:53.372977,page_view,19,main/blog/wp-content,desktop,safari,2024-10-06 09:57:53.372977
3d9968f0-b268-40e4-b167-29084229d71d,ee4925c0-bc9c-420a-870a-f3d0d2555c69,ewashington@example.org,2024-10-06 13:16:42.372977,remove_from_cart,14,categories/categories,mobile,chrome,2024-10-06 13:16:42.372977
6a1139e7-879c-4ed3-abaa-177e14b865cd,bf955034-417e-42a5-9153-cb2926d2c845,ewashington@example.org,2024-10-06 20:36:16.372977,add_to_cart,6,blog/posts/search,mobile,firefox,2024-10-06 20:36:16.372977
f02a114d-6927-47e4-9a97-721858cf5723,22b56557-1365-4616-8fed-23d381cf0479,wdickerson@example.com,2024-10-06 21:11:05.372977,search,20,search/categories/blog,desktop,chrome,2024-10-06 21:11:05.372977
9c596627-7a0e-4ad2-aa6b-11f16fac2e57,6afe55bb-2e21-4948-b004-f7f7a368ac28,chelseagordon@example.org,2024-10-07 04:50:45.372977,add_to_cart,10,category,mobile,chrome,2024-10-07 04:50:45.372977
8461ddb2-41a2-4ee1-85c1-2b92575d8528,44a28396-f5ba-4317-89f8-a25fe40a5b20,johnbutler@example.org,2024-10-08 05:52:40.372977,add_to_cart,18,search,mobile,safari,2024-10-08 05:52:40.372977
03855f0c-11f8-4e4f-9634-ff8ec460b0d1,4f319919-5c78-45ae-bd70-cd57c7002f40,janet76@example.org,2024-10-08 11:36:04.372977,page_view,16,list/category/tags,desktop,chrome,2024-10-08 11:36:04.372977
9ec88a79-e5df-4503-b57b-65425d77dd4c,c728ac11-741d-40f7-9f05-062374f8b76f,anthonyorr@example.net,2024-10-09 11:06:09.372977,page_view,8,blog/blog/tags,desktop,chrome,2024-10-09 11:06:09.372977
234eb7cb-2d20-4705-bb5a-1cc6e573e8a2,06369bfa-693c-4ed9-ae73-39eaac165fd0,laurahoover@example.org,2024-10-09 11:14:36.372977,search,8,app,desktop,chrome,2024-10-09 11:14:36.372977
02b78a17-b358-4425-acb7-4ae604b0a705,0398bd7b-139b-44eb-a8e0-009e030931e2,michael55@example.org,2024-10-09 19:26:59.372977,page_view,1,explore,mobile,chrome,2024-10-09 19:26:59.372977
5834698b-5e54-41a2-ae34-6fbda3e6b0a1,f46afb13-c59a-4a68-a5c8-222f449bead7,thomasjames@example.com,2024-10-09 21:32:41.372977,add_to_cart,1,main/app,desktop,safari,2024-10-09 21:32:41.372977
d6b5f7e2-81b4-43bb-bb85-7deb8eda12a3,6c1c939b-eee2-46d9-8a1a-7371fd6a64fc,christineriggs@example.com,2024-10-09 22:29:53.372977,page_view,4,posts/tags,mobile,safari,2024-10-09 22:29:53.372977
bdcc8000-26d0-44b3-a480-819447472caf,bdaea7cb-f840-48a0-b461-72cead315de1,zhendricks@example.org,2024-10-10 12:42:33.372977,page_view,16,list/wp-content/tags,mobile,chrome,2024-10-10 12:42:33.372977
d89121a6-938d-4c35-9618-00da8a2971b1,dd382bf2-a223-497b-a815-7fdb1f6633d5,lwilliams@example.com,2024-10-10 13:54:39.372977,page_view,19,blog/wp-content,mobile,safari,2024-10-10 13:54:39.372977
aa327597-34c9-42c1-bcc5-5d2469d3d33e,bdb708d1-421a-4606-8039-dbb5939b849a,laurahoover@example.org,2024-10-11 19:31:14.372977,page_view,1,list/app,desktop,firefox,2024-10-11 19:31:14.372977
bc961b58-3c22-46d0-aaf3-53ca18121e1a,066f8ea4-987b-4b22-88cd-b20ab790c330,amandamaxwell@example.net,2024-10-11 20:37:06.372977,page_view,2,wp-content/main,mobile,safari,2024-10-11 20:37:06.372977
6685a225-9c63-42b8-b1be-668796377d96,275b84b2-8f94-4f4d-bdb2-157ffcd7c62d,willismatthew@example.com,2024-10-11 20:40:12.372977,purchase,10,categories,mobile,safari,2024-10-11 20:40:12.372977
ab219fcd-b649-414e-9fa4-ecf53ca59bf1,784c538b-3b70-48f8-948f-bc44f2601e4d,christineriggs@example.com,2024-10-11 22:06:13.372977,search,2,blog/posts/blog,mobile,chrome,2024-10-11 22:06:13.372977
e943f64c-dcb1-479d-a663-7c87b0915d44,54e9f887-e452-475a-86af-cf5b21874a17,christineriggs@example.com,2024-10-12 12:08:51.372977,page_view,3,categories/posts/category,desktop,firefox,2024-10-12 12:08:51.372977
fa34d4ac-058d-4b96-adca-f970c6e7b99d,426f966d-2668-492d-9254-a311ff75af88,johnbutler@example.org,2024-10-12 19:42:11.372977,page_view,15,category/search/posts,desktop,chrome,2024-10-12 19:42:11.372977
3a227589-ca6a-435f-ac04-2b1235d02e42,f922c11c-4447-43ac-aeb1-99f7368e2224,brittany58@example.org,2024-10-13 11:13:39.372977,add_to_cart,4,posts/wp-content/tags,desktop,safari,2024-10-13 11:13:39.372977
37cb91d1-fcaa-4892-9ce6-e8a4b3a32c87,39147f5c-ce36-4f49-ae71-647c8a26b2a5,amandamaxwell@example.net,2024-10-13 12:35:56.372977,add_to_cart,17,main/categories,mobile,chrome,2024-10-13 12:35:56.372977
339b39a2-7929-488d-886c-aed1c32fa80f,07368c11-555c-43f1-9fa4-8664464fc31b,brittany58@example.org,2024-10-13 12:39:28.372977,page_view,19,list/list,mobile,safari,2024-10-13 12:39:28.372977
981dc805-2450-4327-9318-3321f3a516d5,62fafd6d-148c-46a6-adcd-fb610ec0b101,zacharymarsh@example.net,2024-10-13 21:05:36.372977,add_to_cart,14,blog/blog/app,mobile,chrome,2024-10-13 21:05:36.372977
d0178f16-894a-4c43-8b15-711553082544,a96eee1c-3518-4491-9121-321f13515804,brittany58@example.org,2024-10-14 10:06:47.372977,page_view,2,tags/tags,tablet,safari,2024-10-14 10:06:47.372977
097f6b79-3f92-4bac-a869-991700173d38,3aea926d-3e4a-43a8-857f-dc7c9901836c,christineriggs@example.com,2024-10-14 12:52:31.372977,page_view,16,blog,mobile,safari,2024-10-14 12:52:31.372977
117cf313-9c34-4a50-9c4f-868bfb04efba,2bf50f8c-16dd-4155-b5cb-bbec3fd3055f,wdickerson@example.com,2024-10-15 13:04:54.372977,page_view,1,main/search/list,desktop,firefox,2024-10-15 13:04:54.372977
2eba1d6a-312c-4b7c-aca1-fc4c6cfbf1c8,ed020803-87dd-45e0-abb3-95ee985305db,gonzalezjill@example.org,2024-10-17 07:11:50.372977,page_view,9,main/posts,desktop,chrome,2024-10-17 07:11:50.372977
e75cd8e8-f7d3-4d0a-be2e-ba0a53b9e819,f37f3c9f-b211-47c7-9aed-c0701f1e292e,laurahoover@example.org,2024-10-17 11:24:56.372977,page_view,10,search,desktop,chrome,2024-10-17 11:24:56.372977
40f62a84-81a2-42e6-a179-e9679f6b46ba,5444c58b-ba00-4f7d-a0f0-3037be536e85,edwardskenneth@example.org,2024-10-17 12:05:08.372977,add_to_cart,7,blog,desktop,chrome,2024-10-17 12:05:08.372977
fe0a719c-9def-4933-8a1c-7ae8ee3197d9,ac3c1297-a5d9-4dad-9b06-5eeef8f66574,amiranda@example.net,2024-10-17 13:25:17.372977,add_to_cart,18,search/blog,mobile,safari,2024-10-17 13:25:17.372977
0e38f757-b2de-40fd-94ad-e9af7d034553,8a067461-e81f-4835-ad63-34a942ce4efb,johnbutler@example.org,2024-10-17 19:24:05.372977,add_to_cart,7,category/category/search,mobile,chrome,2024-10-17 19:24:05.372977
6b12b8b3-8018-432b-95c7-b8b7805e716b,2e56e579-a215-4f49-b174-f57289a497e7,johnbutler@example.org,2024-10-17 23:42:47.372977,search,6,list/category/main,mobile,chrome,2024-10-17 23:42:47.372977
9605d836-fb47-422a-a020-54baa4c1794b,1b630580-9989-4ce4-b013-8623dee0c018,donna72@example.net,2024-10-18 02:49:57.372977,page_view,6,explore/category/category,mobile,chrome,2024-10-18 02:49:57.372977
d115b943-715f-4357-89ad-095bc7eeffbe,2376b8b0-7e61-4b31-a198-65075a620789,lwilliams@example.com,2024-10-19 04:17:27.372977,page_view,18,category/explore/categories,mobile,safari,2024-10-19 04:17:27.372977
690b9937-b2dc-45f1-a7df-9ab76f37a6e4,48e37883-95d1-49d8-baee-296c8529d0e4,jorgemcdaniel@example.com,2024-10-19 08:21:07.372977,page_view,9,tag,mobile,chrome,2024-10-19 08:21:07.372977
35029644-86d6-4f5d-92d8-3de2fe86a8b6,a7995649-04ce-4c57-af5e-03ae093916bb,chamilton@example.com,2024-10-19 12:05:05.372977,page_view,15,category,mobile,firefox,2024-10-19 12:05:05.372977
b80f6411-ab58-42cb-acba-01910418bc62,c8ff1829-733b-4a90-bde8-107bf73f6760,willismatthew@example.com,2024-10-19 21:50:02.372977,page_view,1,posts,mobile,chrome,2024-10-19 21:50:02.372977
fb65b981-421d-4f4b-a419-b0f847ecf261,45209502-3965-49dc-a65e-c948bc789fbb,gonzalezjill@example.org,2024-10-19 23:02:57.372977,search,14,blog,mobile,chrome,2024-10-19 23:02:57.372977
d4579d0e-8d56-4f66-b3db-7fea22bdc5f2,add377ca-a947-4306-bfc4-b9dd35c0b343,simsrandall@example.net,2024-10-20 02:28:26.372977,page_view,8,search/posts,mobile,chrome,2024-10-20 02:28:26.372977
c03b488a-d99a-4f58-a3b2-3676e29cd413,c61b36e0-44c0-42cc-ba32-359c8d18d0df,edwardskenneth@example.org,2024-10-20 14:34:43.372977,search,6,list/app/category,desktop,safari,2024-10-20 14:34:43.372977
33b545ee-1c0b-4748-b399-c9241e487fee,ba57fe03-f746-4b5f-a038-0e81e8673428,emendoza@example.com,2024-10-21 01:56:25.372977,page_view,19,category/blog/category,mobile,chrome,2024-10-21 01:56:25.372977
409efa66-b888-492f-b8b6-f46a350a70f1,5fe64c5c-39e2-4b7c-b938-de33df565158,emendoza@example.com,2024-10-21 17:46:52.372977,page_view,1,posts/blog,mobile,firefox,2024-10-21 17:46:52.372977
da3d55b7-8879-41c7-89a6-6f2f39c9ed51,1d3b7e3b-8061-40d1-91bd-24e36bb5687e,gonzalezjill@example.org,2024-10-21 19:52:17.372977,purchase,14,explore/explore,desktop,firefox,2024-10-21 19:52:17.372977
780d437b-a01b-4d62-bdb2-ffdcc1ae44d9,62281bc8-1626-4d7c-befd-e34d1891098c,janet76@example.org,2024-10-21 20:10:25.372977,add_to_cart,11,wp-content,tablet,safari,2024-10-21 20:10:25.372977
5f7347a2-7ac2-4ad7-b558-e74bca625acd,7a0c286c-b07e-4193-b93e-5862dd1c517f,zhendricks@example.org,2024-10-21 20:31:42.372977,remove_from_cart,7,wp-content/tags,tablet,chrome,2024-10-21 20:31:42.372977
d185ba76-0bad-423c-8192-c3d90d486939,a2182bb6-464b-45d2-94c9-fe280cc133dc,brian83@example.net,2024-10-21 21:07:17.372977,add_to_cart,8,blog/categories,mobile,safari,2024-10-21 21:07:17.372977
5f2af931-dcbe-44cb-8439-8ead1be5ef9b,06d51e5e-bd8c-4001-a05b-cd97f2b9de6b,jorgemcdaniel@example.com,2024-10-22 02:58:55.372977,purchase,11,tag/app/blog,desktop,safari,2024-10-22 02:58:55.372977
1e78dd2c-5c46-4f83-a1ab-cb628d91f58c,0e4edd97-49f8-4953-9841-61d6da1dbada,anthonyorr@example.net,2024-10-22 12:38:08.372977,page_view,17,tag/explore/tag,mobile,chrome,2024-10-22 12:38:08.372977
490b3474-c2db-4b65-b4fd-e29535955ae5,9c43cbcc-e4f8-4955-bd39-a0775cdf75b9,johnny54@example.org,2024-10-22 21:43:08.372977,page_view,7,posts/main,desktop,edge,2024-10-22 21:43:08.372977
7977822c-ac5e-4b99-90f0-dd41a0da7537,27feb246-df66-4382-82a8-37122deccdd9,zacharymarsh@example.net,2024-10-23 14:30:47.372977,page_view,6,categories,desktop,safari,2024-10-23 14:30:47.372977
4fce82e1-57b6-4311-b5d5-a4538d8775e0,01d59ac0-87ed-49d6-a058-25a1c7619f4a,brittany58@example.org,2024-10-23 19:47:53.372977,add_to_cart,2,search/tag/tags,mobile,chrome,2024-10-23 19:47:53.372977
46404c24-e448-40b9-88a5-b74581f92cf6,7292f0ac-514c-4fcc-9603-f8e26c57867f,christineriggs@example.com,2024-10-23 21:02:32.372977,search,15,list,desktop,chrome,2024-10-23 21:02:32.372977
2cef4242-b4e1-4bff-902d-718270c442b6,fb029e9c-1d3f-4829-b700-233f554591b8,wdickerson@example.com,2024-10-23 22:01:19.372977,add_to_cart,4,list/search/search,mobile,safari,2024-10-23 22:01:19.372977
af0d6d4b-d7fd-4747-9479-54cb9b08bd4b,ddea0315-c022-4312-8117-f71410524658,lreid@example.org,2024-10-24 00:05:46.372977,add_to_cart,13,app/explore/categories,desktop,chrome,2024-10-24 00:05:46.372977
c7dc5caa-cacd-41c7-a219-68a41c92fa97,e4d831c4-b9be-483a-ba50-419814cec53d,sarah14@example.com,2024-10-24 19:33:18.372977,remove_from_cart,12,list/wp-content/explore,desktop,chrome,2024-10-24 19:33:18.372977
90573649-9a07-4e51-b2b5-882e172a5796,8c4d97bd-1220-426f-a451-bbb341faa4db,zhendricks@example.org,2024-10-25 11:10:27.372977,page_view,13,category,mobile,chrome,2024-10-25 11:10:27.372977
3879e1e8-0bfe-4833-80e4-b21c95bdee42,ff77fc19-32ad-4f0a-bde2-65c1126d9e0c,donna72@example.net,2024-10-25 13:36:59.372977,add_to_cart,9,search,desktop,edge,2024-10-25 13:36:59.372977
34b8eed4-2059-48b1-97e9-47cdbce32d6d,3442b64c-9954-4d0b-b0bd-000fb5b52c5f,gonzalezjill@example.org,2024-10-26 09:58:46.372977,page_view,19,posts/search,mobile,firefox,2024-10-26 09:58:46.372977
27015cff-b69b-4d1b-a423-0a1e59b3f578,b99ae701-0f56-4061-ae5f-07210a77f6fe,thomasjames@example.com,2024-10-26 11:54:06.372977,search,4,list/categories,desktop,safari,2024-10-26 11:54:06.372977
8bc6dab5-4353-432a-96b1-4c83adcd8bf6,62c62039-5576-4c12-8cf7-170c388e48ce,harrismichelle@example.com,2024-10-26 23:03:08.372977,add_to_cart,2,explore,mobile,edge,2024-10-26 23:03:08.372977
dc2a1af2-a794-4a2b-8e73-064171c71be2,2ba83b1c-d184-4602-84e0-66ec9de9d4dd,laurahoover@example.org,2024-10-27 09:21:30.372977,page_view,18,list,mobile,safari,2024-10-27 09:21:30.372977
bce304e9-2e41-4a71-a7b9-6af547362242,dce942b1-3490-4644-9e7a-f85ed908779c,simsrandall@example.net,2024-10-27 10:59:30.372977,search,10,main/list,mobile,safari,2024-10-27 10:59:30.372977
efc0b921-0192-48f3-b977-94b6cac996f7,b35c63b7-d187-48fd-987a-d6dcbc825509,willismatthew@example.com,2024-10-27 12:45:48.372977,page_view,13,main,desktop,firefox,2024-10-27 12:45:48.372977
02be04f4-0a4e-4de3-9993-9c223700b162,f935b40c-b68c-4073-9ece-c4b7737c0aca,brian83@example.net,2024-10-27 18:16:12.372977,page_view,12,categories/category,mobile,chrome,2024-10-27 18:16:12.372977
ef974a81-282c-4d34-8c46-14fa5ce8552c,d8c651ea-aa42-4d9e-834f-97d55c9f6787,monica99@example.org,2024-10-27 22:21:51.372977,page_view,3,blog/wp-content/posts,desktop,edge,2024-10-27 22:21:51.372977
384dd132-a1b9-4977-bc60-f8c814a91809,db236182-cb6c-47c2-a3d0-9f6e079dbbb6,johnbutler@example.org,2024-10-28 00:18:58.372977,page_view,14,search,desktop,chrome,2024-10-28 00:18:58.372977
9b9970ce-3ea4-4a9e-8d6f-f60d276c5cee,4786aab8-9772-4d33-94de-8d4b8c8214f6,gonzalezjill@example.org,2024-10-28 04:02:35.372977,remove_from_cart,3,categories,mobile,chrome,2024-10-28 04:02:35.372977
0b8cbcb2-32c0-45bf-bd46-6fb86549078e,0268f4d7-8d7f-447b-b55f-aa1ab0beee60,sarah14@example.com,2024-10-28 11:11:27.372977,add_to_cart,13,tag,mobile,firefox,2024-10-28 11:11:27.372977
08838472-1d2f-4286-a661-f179e686b8a7,151c046a-4dc8-49eb-be7c-ce537219fafa,lwilliams@example.com,2024-10-29 10:33:37.372977,search,19,explore,mobile,chrome,2024-10-29 10:33:37.372977
4c40a746-ad1b-45fb-a79e-64fc9139f390,309a4a02-3888-4776-93f5-b25b16646e5d,james62@example.com,2024-10-29 19:27:34.372977,page_view,12,blog/wp-content/search,desktop,safari,2024-10-29 19:27:34.372977
abf73c13-f44b-4232-9cb8-be21ea917fab,443711bf-7e7b-4d97-8cb3-3f46a001d4d3,johnny54@example.org,2024-10-29 20:46:08.372977,add_to_cart,17,list,mobile,chrome,2024-10-29 20:46:08.372977
81e57112-da79-49dc-90bf-5f7f91c5a281,61561edf-8d2e-40fc-9a21-e62d488be9a1,edwardskenneth@example.org,2024-10-29 21:39:43.372977,remove_from_cart,12,main,mobile,chrome,2024-10-29 21:39:43.372977
9a23e0bc-241d-466c-9a2c-aa74171b91a7,3203506c-061a-4a6a-b27f-e8c7d8d8bff7,mary47@example.net,2024-10-30 12:28:34.372977,page_view,7,categories/search/tag,mobile,chrome,2024-10-30 12:28:34.372977
0ee30ad5-303c-4796-87f1-de200703fe2e,a6e87786-6a2d-4b2c-9538-c0179e290159,ewashington@example.org,2024-10-30 20:19:14.372977,page_view,12,list/wp-content,mobile,firefox,2024-10-30 20:19:14.372977
ef4f7a7c-eb5f-488e-8ef2-d10e6155fa85,9e8c2d56-76b7-4973-b8af-141440e4ab86,bishopkaren@example.org,2024-10-30 20:51:16.372977,remove_from_cart,9,explore,desktop,chrome,2024-10-30 20:51:16.372977
cb50e780-50d8-4dcf-b597-9b2b5abdc36e,b98c6de2-e70c-472f-b62b-b5be1f15f834,lwilliams@example.com,2024-10-30 23:21:25.372977,remove_from_cart,7,categories,desktop,safari,2024-10-30 23:21:25.372977
655c354b-00cf-4a34-aa1f-f279a8bdf78f,9c079e7a-0746-4592-9f67-fe1943c898f2,christineriggs@example.com,2024-10-31 16:11:40.372977,page_view,14,app/blog/wp-content,mobile,chrome,2024-10-31 16:11:40.372977
22bb9c44-2e7c-4834-9f08-eae0eccb2d6b,3a0952df-ae4a-444d-a7fe-6dbc9c806178,mary47@example.net,2024-11-01 19:55:11.372977,add_to_cart,18,posts/blog/blog,mobile,chrome,2024-11-01 19:55:11.372977
77e4b6f0-7aac-45ef-afc9-550f06ba2fc8,c527d5a8-3daa-43b0-af0f-2ae252605654,janet76@example.org,2024-11-01 21:15:46.372977,purchase,7,app/app/tag,desktop,safari,2024-11-01 21:15:46.372977
4a6bd153-b411-4c14-8180-95ae984081ea,92fb46e6-b43e-4e73-a868-2be5cb5a1987,janet76@example.org,2024-11-03 16:33:25.372977,page_view,11,tags/category/category,desktop,chrome,2024-11-03 16:33:25.372977
9b964d43-21cd-4aec-a308-09c6f856233e,c4377f10-5580-4f72-9062-5c871bc3ccd5,james62@example.com,2024-11-04 14:01:38.372977,search,2,wp-content/wp-content,desktop,chrome,2024-11-04 14:01:38.372977
096a0866-aab2-4ea2-838d-07c4e66c2c16,f2a02f63-df22-4094-bcd3-a980d757ee94,edwardskenneth@example.org,2024-11-05 11:38:40.372977,page_view,13,list/posts/categories,desktop,chrome,2024-11-05 11:38:40.372977
f1bce743-2028-4297-8d42-8cf43f7fe9ac,2a05c066-c648-4b08-94d8-357653948e33,anthonyorr@example.net,2024-11-05 21:51:27.372977,add_to_cart,2,category/posts/list,mobile,safari,2024-11-05 21:51:27.372977
81dbdd7f-04ec-4589-868e-e7038cc75461,9822c1a8-af59-464d-9ac1-9bc35e22bbf5,qtaylor@example.com,2024-11-06 01:08:28.372977,remove_from_cart,19,explore/wp-content,mobile,safari,2024-11-06 01:08:28.372977
e006f2f5-fa85-4497-8e1d-c26fc21640ca,65d3bb6b-de2f-48c3-928c-62586e29ff1d,janet76@example.org,2024-11-06 09:52:20.372977,remove_from_cart,2,list,mobile,chrome,2024-11-06 09:52:20.372977
d3f51152-bb67-4d35-bffc-ac1f09ef8c59,d782cfe6-ebe0-47bb-8dac-8e250c7605f3,monica99@example.org,2024-11-06 21:45:48.372977,add_to_cart,5,main,mobile,chrome,2024-11-06 21:45:48.372977
5cdc3f5a-a85a-4c9e-b5a4-468da2cbb863,df9d45f0-fe7a-4a98-9868-9f62da31793b,sarah14@example.com,2024-11-07 14:53:41.372977,page_view,6,category,mobile,firefox,2024-11-07 14:53:41.372977
a1a63bbf-53ff-4a6d-a1cc-4de744cbdb02,43fbc377-0ec6-43ed-9d11-231f36b6b41d,chelseagordon@example.org,2024-11-07 23:01:13.372977,page_view,19,search,desktop,chrome,2024-11-07 23:01:13.372977
976a2a86-18ff-4301-9737-05970d2d6021,57c0d147-4548-4e16-8223-0fecb779cb7b,qtaylor@example.com,2024-11-08 09:45:14.372977,page_view,8,category,mobile,safari,2024-11-08 09:45:14.372977
2c74aab4-0bbd-4788-b7e6-5efc9a7182a9,e0af24d3-1baf-43b2-984f-49961d7dab61,mary47@example.net,2024-11-08 17:19:36.372977,search,17,tags/tag,mobile,firefox,2024-11-08 17:19:36.372977
e68a9aa9-0673-4df3-b975-561b10f382f5,ec61c456-d6cf-4179-98d7-738e182c2f7f,jorgemcdaniel@example.com,2024-11-09 01:59:23.372977,purchase,16,blog/main,mobile,chrome,2024-11-09 01:59:23.372977
490853f9-a81c-45a4-bc1d-1f79680621b0,777439a8-99f5-4da5-971b-d4d2fb39958b,wdickerson@example.com,2024-11-09 08:17:27.372977,page_view,16,search,tablet,firefox,2024-11-09 08:17:27.372977
78b56d27-c3c1-44ad-83e2-d02d4571f798,fe0d8540-1fc9-4e7e-ad47-9011dc245cd5,chelseagordon@example.org,2024-11-10 20:37:59.372977,page_view,8,blog,desktop,safari,2024-11-10 20:37:59.372977
ebce059d-f443-4ff6-a239-f031946308ce,2ae360b0-d7a7-43b7-a641-f76980818bf4,jorgemcdaniel@example.com,2024-11-10 21:45:38.372977,page_view,14,list,desktop,firefox,2024-11-10 21:45:38.372977
b1b74fa1-cf78-4749-aeb0-36af69042c9b,45574306-7c7c-4b11-baff-b6442a4b4172,thomasjames@example.com,2024-11-11 15:57:50.372977,search,5,category,mobile,safari,2024-11-11 15:57:50.372977
bc4b3f13-3e7a-4fda-b37a-282cb5e934da,d9f762b9-2ad7-4e9c-a022-34319fdc6567,michael55@example.org,2024-11-12 07:02:28.372977,search,14,wp-content/main,mobile,chrome,2024-11-12 07:02:28.372977
1df71247-5d33-427e-8f16-6f592cb9795c,2c3cea0d-49a1-4ec0-a4f4-67e6a1061a6e,willismatthew@example.com,2024-11-12 19:38:31.372977,purchase,12,tags,mobile,safari,2024-11-12 19:38:31.372977
5fda1303-1ab1-4757-a8ad-f153d0ef6931,6f5b201f-9322-46cd-b7c5-18144c0404f5,thomasjames@example.com,2024-11-12 21:21:09.372977,page_view,19,search/explore,desktop,chrome,2024-11-12 21:21:09.372977
caaf4726-03f2-499d-b0c2-a4c76a9ca52a,df2b739b-2477-4e99-97f9-12ec43ea1e1f,brittany58@example.org,2024-11-12 21:59:20.372977,page_view,20,explore,desktop,chrome,2024-11-12 21:59:20.372977
373a8fa0-ea80-4dd5-b400-4235712122c4,227be08e-bbf0-41c5-9ff8-3eb94a4d6018,bishopkaren@example.org,2024-11-13 01:29:58.372977,page_view,3,main,mobile,edge,2024-11-13 01:29:58.372977
c1a315f1-b2b2-4f93-983d-f85b208e3371,7fe02f49-4de7-4b59-82ed-a1965c622e82,annaschmidt@example.org,2024-11-13 15:57:53.372977,page_view,12,categories,mobile,chrome,2024-11-13 15:57:53.372977
e59641fb-9179-4310-af72-64cdfb6361f2,b3a45df4-1905-4182-aad0-c08fd662c1d7,chamilton@example.com,2024-11-13 16:31:49.372977,page_view,13,explore/posts/tag,mobile,safari,2024-11-13 16:31:49.372977
0ba621b3-e950-4827-b48d-f8c3f3bf1b39,512dd37a-5871-4002-8b27-1912ea4a0588,bishopkaren@example.org,2024-11-13 19:35:35.372977,page_view,18,list/posts,mobile,edge,2024-11-13 19:35:35.372977
a6b0d1bd-0f88-48d7-b89b-3add68996ab3,a0229e8f-d444-48f7-b731-d2f045d24b41,brian83@example.net,2024-11-13 20:04:20.372977,page_view,20,tag/search/explore,mobile,firefox,2024-11-13 20:04:20.372977
e92a18fe-4cc6-4d8f-b620-34850428e0a1,dcaef45e-c9ad-462b-b106-7d8586282245,sbishop@example.org,2024-11-13 22:04:36.372977,search,8,search/search/wp-content,mobile,chrome,2024-11-13 22:04:36.372977
40133af5-2521-451b-b8b0-e906e0f73ce1,0479528a-31b2-4a52-894a-aa08289c73ad,amandamaxwell@example.net,2024-11-14 21:52:37.372977,purchase,16,app/search/categories,desktop,chrome,2024-11-14 21:52:37.372977
66e88425-bf03-4206-a8eb-76a8d223cd8c,b5332922-c9ba-4ed3-a3fb-21cf0734c199,lreid@example.org,2024-11-15 09:54:51.372977,page_view,7,category,mobile,chrome,2024-11-15 09:54:51.372977
9c8feb7d-5409-418d-b601-fab43c86b0b2,5fa1ba4f-daa7-4eab-a720-4f464ad351d9,bishopkaren@example.org,2024-11-15 15:09:52.372977,page_view,12,explore/main,mobile,chrome,2024-11-15 15:09:52.372977
1da06b00-320e-42e9-a15e-d8501c778f0a,c6727557-2437-4ac6-a549-21e635e718fc,simsrandall@example.net,2024-11-16 23:34:31.372977,page_view,18,explore/posts,mobile,chrome,2024-11-16 23:34:31.372977
50146def-78f0-4b4f-b952-f618ab180e46,2b4e9e4a-b625-499b-8b18-ed8835aaaef3,simsrandall@example.net,2024-11-17 13:57:54.372977,page_view,9,tag/tags,desktop,chrome,2024-11-17 13:57:54.372977
1806b370-21df-4b8f-9154-18fe1cc1ce15,2ed1173e-bbdc-4a7b-9be1-bbcf8350c3ee,chamilton@example.com,2024-11-17 21:51:06.372977,page_view,4,search/posts,desktop,safari,2024-11-17 21:51:06.372977
12999fd9-c1f3-4154-862b-59ccadfac708,2c09d7be-cd95-4dce-800e-74c23e6515b6,mary47@example.net,2024-11-18 00:06:51.372977,page_view,19,app,mobile,chrome,2024-11-18 00:06:51.372977
a18cd021-38a2-4cd8-b997-710325d96b22,6678139e-168b-4813-8524-be7aaeaab199,jorgemcdaniel@example.com,2024-11-18 19:30:00.372977,page_view,8,tags/posts,mobile,chrome,2024-11-18 19:30:00.372977
4b70b71d-79c8-49ac-91a3-7f72574fe8b1,f454f04f-9e05-4b32-9596-1b556a401034,simsrandall@example.net,2024-11-18 19:37:16.372977,page_view,5,tag/list/categories,desktop,firefox,2024-11-18 19:37:16.372977
d1478796-2b55-4b85-9037-b8e82cb4be8f,23a94851-d512-4773-a1e1-7542d0a16da0,emendoza@example.com,2024-11-18 19:47:28.372977,page_view,10,list/blog/tags,mobile,safari,2024-11-18 19:47:28.372977
d538f52f-3ece-426b-8513-23a600a254b8,4cc0c2eb-eb4b-4299-a840-b5dd997ad1d0,chamilton@example.com,2024-11-19 12:20:46.372977,add_to_cart,18,wp-content,mobile,safari,2024-11-19 12:20:46.372977
32061fd9-83b5-48cd-a997-b3c63afaba45,6dead6aa-55bd-4419-ac7e-eadbdaa1f2f8,lwilliams@example.com,2024-11-19 19:50:21.372977,page_view,15,tags/explore,mobile,chrome,2024-11-19 19:50:21.372977
698591bc-5e31-488e-aa33-84c2c0d458da,6bd57a91-360f-4d79-9f00-7b24af273aeb,chamilton@example.com,2024-11-19 20:22:36.372977,page_view,1,search/wp-content/app,mobile,chrome,2024-11-19 20:22:36.372977
6a5cd9fd-7ea1-477c-a088-2e50e4a65d00,7a471723-caba-47a9-99db-474e8557a5c1,emendoza@example.com,2024-11-19 21:32:17.372977,page_view,15,posts/main,desktop,chrome,2024-11-19 21:32:17.372977
b967a2c5-54db-497e-9c25-10314a7e6405,52352584-ea1f-4563-884c-1142c78bc3a7,anthonyorr@example.net,2024-11-20 19:48:52.372977,add_to_cart,5,search,mobile,chrome,2024-11-20 19:48:52.372977
673e7fd4-97f1-4a19-97e3-e3a9a01e1734,cbee30ab-0607-43a3-baaf-160f17ad900a,lwilliams@example.com,2024-11-20 22:14:30.372977,page_view,14,wp-content/wp-content/search,mobile,firefox,2024-11-20 22:14:30.372977
16626806-a9ae-48f6-881d-1dc97e95e3f1,05a7aba2-2fec-4403-8e30-e1f4b0f0b297,simsrandall@example.net,2024-11-20 23:33:46.372977,page_view,12,app,mobile,chrome,2024-11-20 23:33:46.372977
a1e8259c-9c11-4622-a740-507018bec0d0,6a79d0fb-ef15-4ae9-bfaa-d38c518b0778,ucobb@example.org,2024-11-21 14:38:48.372977,page_view,17,wp-content/explore/category,mobile,chrome,2024-11-21 14:38:48.372977
c43f7666-3935-46ff-b98c-d1052d5795a5,23731511-64e1-455e-ae90-1631a6eeb3bc,bstrickland@example.com,2024-11-22 12:27:06.372977,search,5,app/tag,desktop,firefox,2024-11-22 12:27:06.372977
c930f102-e515-4a5e-9cd2-2fa2b190bbe3,bc946390-fa41-4092-9203-40530583f0fb,sbishop@example.org,2024-11-22 15:47:35.372977,page_view,3,tags/categories,mobile,chrome,2024-11-22 15:47:35.372977
69e11468-fd0b-4253-a53d-4a038992170e,72b020d5-aa21-474d-9f3d-df8355d1d0e0,chamilton@example.com,2024-11-23 09:53:48.372977,add_to_cart,2,blog/categories,mobile,safari,2024-11-23 09:53:48.372977
16cc0084-be1c-414f-9a73-531166e8c0f1,bdb0030a-3a33-488a-9431-8a510b1d7fbe,jorgemcdaniel@example.com,2024-11-23 12:50:41.372977,page_view,17,blog/categories/categories,desktop,safari,2024-11-23 12:50:41.372977
18d09052-47cf-4190-8720-8a2099cd748f,cd3c22ed-75e7-47af-a82c-3d294dd499f0,bishopkaren@example.org,2024-11-24 22:44:53.372977,page_view,12,blog/search,mobile,safari,2024-11-24 22:44:53.372977
f4374bbd-5405-43fc-b6cb-a44cdaaaafea,d39b8a41-c8c5-42c7-8ece-bf715ffea32b,zhendricks@example.org,2024-11-24 22:58:09.372977,page_view,20,explore,mobile,edge,2024-11-24 22:58:09.372977
271e1061-f6e4-42e1-b642-399167607c80,396ba43b-f1b0-4139-8468-bcc46e2aaa64,michael55@example.org,2024-11-25 22:36:10.372977,remove_from_cart,11,wp-content/list,mobile,safari,2024-11-25 22:36:10.372977
ac4130df-2426-4183-a918-f915bd54c5ab,62886ace-2c0a-4157-b5ae-4d65657714da,lwilliams@example.com,2024-11-26 10:56:12.372977,search,14,posts/app/posts,mobile,safari,2024-11-26 10:56:12.372977
1f9ace7f-212e-4a0d-a33c-377129a83846,ae966b31-19db-4d7b-859d-da2ee4e0da94,qtaylor@example.com,2024-11-26 19:50:44.372977,remove_from_cart,3,tag/explore,desktop,safari,2024-11-26 19:50:44.372977
5c579337-a51c-4515-a8cb-482d65f845b2,48fde3e1-365a-48ff-982e-fc418f900f81,christineriggs@example.com,2024-11-26 22:57:44.372977,page_view,15,search,mobile,chrome,2024-11-26 22:57:44.372977
79d4d6e8-55ad-475a-b6de-cfdc813a6089,e16923d9-e50e-4622-9c18-11ef55356d22,wdickerson@example.com,2024-11-27 09:54:26.372977,page_view,18,category/category/wp-content,mobile,firefox,2024-11-27 09:54:26.372977
466e11bc-a6f4-4754-89bd-36764dfe0c37,bc3c4ed8-db05-4a70-8e4b-9bb486cc030d,qtaylor@example.com,2024-11-27 11:27:32.372977,page_view,6,posts/posts,mobile,chrome,2024-11-27 11:27:32.372977
161e8716-fc47-419a-a621-6f39c4880f6f,5f5092eb-c7e7-4095-96a3-5b3f856ad948,brian83@example.net,2024-11-27 23:22:00.372977,page_view,8,main/wp-content,desktop,chrome,2024-11-27 23:22:00.372977
923e8d9b-4983-4639-992a-6953e2d6e351,36d3f19e-f6a5-4fdb-bce5-aeb65dcc507d,simsrandall@example.net,2024-11-28 09:37:09.372977,add_to_cart,12,tags/blog/category,mobile,safari,2024-11-28 09:37:09.372977
3bfeec1f-15a3-4dd4-b4b1-af4ac572f12e,0a13f53d-3178-49f0-943e-b5e516045fd9,janet76@example.org,2024-11-28 10:37:19.372977,purchase,3,app/tag,desktop,safari,2024-11-28 10:37:19.372977
8064beae-50f5-48f6-a86c-764abdff80dd,46b89c3c-8add-4c81-b3ee-8627f4b40de0,ucobb@example.org,2024-11-28 20:54:28.372977,search,18,tag/category,desktop,safari,2024-11-28 20:54:28.372977
b5c47140-6865-4384-b8cc-514452decef6,0bf7bcbb-9d65-496f-81f7-5da763932eee,amandamaxwell@example.net,2024-11-28 22:32:37.372977,page_view,4,blog/main/main,mobile,firefox,2024-11-28 22:32:37.372977
65671760-6fbc-4677-924c-30265730e734,d752ec16-1846-4057-a668-bd73a15a0300,monica99@example.org,2024-11-28 22:42:43.372977,remove_from_cart,15,tag/explore,mobile,safari,2024-11-28 22:42:43.372977
090d4179-95d4-475c-8e28-908b67167e14,a05c7f0e-a2e5-4a92-8f10-dfee46e09897,wdickerson@example.com,2024-11-29 12:34:08.372977,page_view,17,wp-content/search,mobile,chrome,2024-11-29 12:34:08.372977
2313baa8-a713-4001-b133-749f10879bdf,bc8ae830-aa72-4cf9-ba9c-1a5fd78a4aa1,michael55@example.org,2024-11-29 23:10:03.372977,search,13,categories/posts,mobile,chrome,2024-11-29 23:10:03.372977
19d15b13-6c1f-4b9b-813e-3ba37f949f1f,17ce7f90-edea-4e9d-a7fc-a606da688d6c,willismatthew@example.com,2024-11-30 13:09:48.372977,page_view,6,categories/category/blog,mobile,chrome,2024-11-30 13:09:48.372977
692b436f-ec57-48af-9b35-d5f0db69645a,bc8efe51-8ca2-41db-80e2-bda3d8f469f3,zhendricks@example.org,2024-11-30 15:32:22.372977,page_view,2,tags/posts,desktop,edge,2024-11-30 15:32:22.372977
0947e2fa-06ac-48f2-adc5-dad0c9eba63f,7d182399-08c8-4d3c-8334-46dc8ea40ead,edwardskenneth@example.org,2024-11-30 15:36:34.372977,page_view,19,posts,desktop,firefox,2024-11-30 15:36:34.372977
a556d8a7-5cfa-48f3-9509-cc00b893ae32,06b4c5dd-fc7e-486e-bab0-dc4668874c9b,chamilton@example.com,2024-11-30 18:16:03.372977,page_view,20,main,mobile,firefox,2024-11-30 18:16:03.372977
ed3540a1-9a2e-4118-a619-6bfc51f58f65,56726f22-ea63-4982-9a0b-8190bbc64a21,donna72@example.net,2024-12-01 22:39:36.372977,purchase,12,tags/tag,mobile,chrome,2024-12-01 22:39:36.372977
09791449-f61d-462b-ae36-01051e27a95d,f8d45e36-2570-44fd-9e37-20708e22c181,simsrandall@example.net,2024-12-02 20:58:09.372977,purchase,3,app/blog/wp-content,mobile,edge,2024-12-02 20:58:09.372977
1f9a0436-3f01-4d7c-85a9-02db15fd81cf,276e0e3d-4e9f-40b5-9549-be7a32a4b9a5,jorgemcdaniel@example.com,2024-12-02 22:24:23.372977,page_view,9,tag/search,mobile,safari,2024-12-02 22:24:23.372977
052f5a81-528e-4f16-a9c8-96fde8eca751,ba127c06-dc10-4adb-8ca5-4f24053b46af,simsrandall@example.net,2024-12-03 14:53:53.372977,page_view,16,tags,tablet,firefox,2024-12-03 14:53:53.372977
d82c0159-1c37-46ce-b317-aa83866b25d7,b9bb7b73-6109-4d7d-be10-fdd1462155e8,simsrandall@example.net,2024-12-03 20:45:29.372977,purchase,18,main/list/search,desktop,safari,2024-12-03 20:45:29.372977
c5a56199-aa27-4652-a44a-6eaad363c472,dbb77693-6d4a-4ba6-a9d4-7f332c004c43,annaschmidt@example.org,2024-12-04 16:26:11.372977,purchase,11,tag,mobile,chrome,2024-12-04 16:26:11.372977
1660e175-d963-4724-b7b8-753e99771f87,06dc975f-a1e0-447a-8d7f-119cbbbb7d4b,anthonyorr@example.net,2024-12-05 02:59:44.372977,remove_from_cart,19,tag,mobile,chrome,2024-12-05 02:59:44.372977
437299a4-e038-4f90-9cf2-1e2a9ad1349f,79de6b6a-ca98-4a84-a804-075e89c2e58a,zacharymarsh@example.net,2024-12-05 10:53:25.372977,add_to_cart,1,categories/main,desktop,chrome,2024-12-05 10:53:25.372977
f7711c46-15c6-4589-a8fa-02e904fffa22,88eab4ef-5ba2-46ac-b6a8-badfc5b76950,donna72@example.net,2024-12-05 14:12:07.372977,page_view,18,explore/wp-content,desktop,edge,2024-12-05 14:12:07.372977
73bd463e-be51-4d66-839e-20dfc748d457,ca292a39-20b5-48d1-b848-d873cc6d81de,michael55@example.org,2024-12-05 20:27:50.372977,page_view,2,tag/posts,desktop,safari,2024-12-05 20:27:50.372977
569e67db-8774-40af-8106-73a5720a7e6a,c98a7ea9-9a52-4056-b856-64d6b4155283,hmcmillan@example.org,2024-12-05 23:53:06.372977,page_view,14,list/explore/search,desktop,safari,2024-12-05 23:53:06.372977
e9594654-eeec-4d40-acec-37a1f18cdf02,39db9840-8881-403e-8dbc-291c4bc78680,janet76@example.org,2024-12-06 05:00:48.372977,page_view,11,wp-content,desktop,safari,2024-12-06 05:00:48.372977
1b9628ad-da0f-48f1-8bfd-0198b8471cc6,8d0e555f-3d17-4b1d-b5e2-dcfefa6f2221,simsrandall@example.net,2024-12-06 21:11:05.372977,page_view,18,explore/posts,mobile,chrome,2024-12-06 21:11:05.372977
334ee905-fa84-450d-bcf5-cd7b3a146f45,95dc595e-883d-4f41-ba75-cc48c0c63045,sbishop@example.org,2024-12-06 22:56:25.372977,add_to_cart,3,search,desktop,firefox,2024-12-06 22:56:25.372977
16419096-b724-4285-b756-5f23741aa44b,cf4a75ab-4cc7-4006-9ee3-07f6c469a43d,harrismichelle@example.com,2024-12-07 12:12:23.372977,page_view,12,explore/posts/categories,mobile,edge,2024-12-07 12:12:23.372977
d81559e7-9b7e-40d9-8348-0f6baabaf94a,c7c1897b-e9d7-45ef-987f-ec8eeddf4db5,ewashington@example.org,2024-12-07 13:25:00.372977,page_view,8,app,mobile,safari,2024-12-07 13:25:00.372977
2dc472c8-5d30-4470-89b5-607084827ca9,14a3df05-c442-4f41-b680-e4bc7ab6b790,michael55@example.org,2024-12-07 18:11:54.372977,page_view,19,list/posts,tablet,safari,2024-12-07 18:11:54.372977
a58066a3-aa42-4181-9d64-de52b3bcdab3,53e06bbc-543b-4b51-888f-262cf17ea612,chamilton@example.com,2024-12-07 23:46:22.372977,search,13,app,desktop,chrome,2024-12-07 23:46:22.372977
0e332ece-9f9b-4b1c-88c0-6040b0983b02,a0110476-3313-4b97-8d04-acac189f2996,thomasjames@example.com,2024-12-08 08:21:30.372977,page_view,12,tags/wp-content,mobile,chrome,2024-12-08 08:21:30.372977
a61c5dc5-f40b-4afc-912f-297c50b3d9fb,2c426d5e-e959-48ea-bbba-7f40b7f4b527,johnbutler@example.org,2024-12-08 12:15:29.372977,page_view,4,wp-content,mobile,firefox,2024-12-08 12:15:29.372977
fc1ecb49-c67c-4b76-85dc-b7ea693d326f,90d6f149-49a6-4601-b566-e03d40e3dffb,willismatthew@example.com,2024-12-08 15:22:42.372977,purchase,17,search/posts/explore,mobile,chrome,2024-12-08 15:22:42.372977
0dd770db-2458-4b12-bd05-062b15a68b92,cdad8692-339d-4893-a4f9-b91362faf36f,emendoza@example.com,2024-12-08 21:06:15.372977,page_view,8,explore,mobile,chrome,2024-12-08 21:06:15.372977
8c16fd9e-930f-4129-a785-9735ced2e251,886d238a-932e-4120-98fa-72ad37e3da08,amiranda@example.net,2024-12-09 09:32:08.372977,remove_from_cart,5,blog,mobile,chrome,2024-12-09 09:32:08.372977
159438a1-8d09-459a-a4c4-eebb7a32834c,3b656948-5d0c-4815-9dbc-62e13832732b,ucobb@example.org,2024-12-09 10:25:55.372977,page_view,12,main/tag/wp-content,mobile,chrome,2024-12-09 10:25:55.372977
d23ef158-1109-4dbd-9dca-8a81862e73a1,658375a2-f28c-4fef-a626-5d5075d51772,ucobb@example.org,2024-12-09 13:32:22.372977,add_to_cart,5,app,mobile,firefox,2024-12-09 13:32:22.372977
84ca4e74-0fec-4c3c-92ee-ec85fab1f277,7e04dc1c-2566-48bd-add9-84c171a2cfe8,chelseagordon@example.org,2024-12-10 02:09:40.372977,page_view,12,posts,mobile,chrome,2024-12-10 02:09:40.372977
0cce3a93-4d57-4caf-8e1a-34bbc855d500,fd46195e-d431-483d-bf68-8e8de4a54dfd,monica99@example.org,2024-12-10 11:35:34.372977,page_view,8,explore/categories,mobile,chrome,2024-12-10 11:35:34.372977
c2bad08f-4fdf-4f4a-89b2-61fe92724a9e,5b970492-8a54-4b7a-84da-73fcb4ce8ccd,annaschmidt@example.org,2024-12-10 12:33:27.372977,page_view,16,app/search/list,mobile,chrome,2024-12-10 12:33:27.372977
c140e8f3-12e9-4ab5-a218-edcec593ac36,2a7676ca-1a93-4f44-98cf-73344b14c205,ucobb@example.org,2024-12-10 14:28:12.372977,page_view,1,category,mobile,safari,2024-12-10 14:28:12.372977
ae27dec2-f236-46d0-9400-e717f93911c9,370cc7c2-cb9d-49de-ac18-3d6b2f0e1a60,thomasjames@example.com,2024-12-10 17:47:47.372977,page_view,9,tags/blog/blog,desktop,chrome,2024-12-10 17:47:47.372977
435d59c6-9de2-41f8-85dc-4f361e1dfd59,9ab933cf-3e3a-4d5a-bdb1-7ff39cb7d33b,mary47@example.net,2024-12-10 22:52:20.372977,remove_from_cart,14,posts/categories/list,mobile,safari,2024-12-10 22:52:20.372977
e9bb15e3-7a35-430b-93ef-2fca494a11fd,2ddbd572-45ce-493e-95a9-a8fbea0758d7,sarah14@example.com,2024-12-11 20:21:08.372977,page_view,20,categories,mobile,safari,2024-12-11 20:21:08.372977
0fa81df6-381e-4444-a535-c773478f4d9f,14cf92fe-b5d3-4a08-88da-847642c0a9ed,lreid@example.org,2024-12-12 06:37:31.372977,remove_from_cart,9,tags/search,mobile,safari,2024-12-12 06:37:31.372977
76e78368-6027-418f-9cc1-507fbf30e355,5cb32664-3798-4262-9cb6-5c5cb301a2d4,brian83@example.net,2024-12-12 13:35:46.372977,page_view,11,tag/main/explore,mobile,safari,2024-12-12 13:35:46.372977
3544e250-d390-4cad-bf63-daa2008310f3,8255393a-61f4-4784-8093-5d1244051cca,sarah14@example.com,2024-12-12 19:01:28.372977,page_view,11,category,mobile,chrome,2024-12-12 19:01:28.372977
dcde5794-625c-4f99-8a43-ed8cf60270ae,2dd9e810-1159-4dc0-8393-ba161cbf58fa,thomasjames@example.com,2024-12-13 03:58:25.372977,search,4,posts,tablet,chrome,2024-12-13 03:58:25.372977
f1760a82-020f-4304-b716-5096fb5a82d9,bada4461-1462-4a39-a61b-e23ebcd4d26d,donna72@example.net,2024-12-13 12:33:12.372977,purchase,6,blog/app,mobile,chrome,2024-12-13 12:33:12.372977
c6694d8a-c816-4bfa-8394-f957548b7ea1,0ca01a7b-5497-423c-8224-f10b17b3d510,amandamaxwell@example.net,2024-12-13 20:08:15.372977,page_view,14,categories,mobile,safari,2024-12-13 20:08:15.372977
66dd6fdc-132a-41a5-a732-13d9b3b9c12c,d143f7eb-dff4-43cf-bd2d-cc8cdf2f9bb8,brian83@example.net,2024-12-13 21:17:35.372977,page_view,1,posts/search/main,mobile,safari,2024-12-13 21:17:35.372977
a05e78e1-cb4c-4fec-af9b-0bfc789b91e6,5a30edb8-70c2-44aa-b070-ba2331c2074c,laurahoover@example.org,2024-12-13 22:31:12.372977,search,16,search/posts,desktop,chrome,2024-12-13 22:31:12.372977
40569e75-8c37-452c-9d62-ef204ee263d0,5668f9ce-6b22-46a4-9983-82604c525721,sbishop@example.org,2024-12-14 06:37:43.372977,page_view,10,list,mobile,chrome,2024-12-14 06:37:43.372977
e5f6d18e-78b7-4c11-8fb1-07471268494a,be0c6d54-ca0f-4bc9-8faa-410a203c2b82,lreid@example.org,2024-12-14 14:27:08.372977,search,13,search,desktop,safari,2024-12-14 14:27:08.372977
6fb2148a-3e4f-448f-b53a-a81a96139b41,e4fb30e7-d344-4313-95e8-6adf510a7847,chamilton@example.com,2024-12-14 20:06:01.372977,page_view,17,tags/wp-content/app,desktop,safari,2024-12-14 20:06:01.372977
c57d750a-c0ed-4e8e-87cb-9a0c6e7a64f8,8057db0b-9d35-45b1-9b77-d2aa0540df71,anthonyorr@example.net,2024-12-14 21:17:07.372977,page_view,1,list,desktop,safari,2024-12-14 21:17:07.372977
acf2e08c-a075-4dbe-9bc2-9c7cbc0d7fff,570f58b5-23ba-485c-ad93-c24b2ade005a,annaschmidt@example.org,2024-12-15 09:55:35.372977,page_view,18,explore,mobile,chrome,2024-12-15 09:55:35.372977
796dd195-2e8d-4244-ba9d-72f3bea5e193,e74d4dba-3df2-4fa9-afbe-91482bd0c893,emendoza@example.com,2024-12-15 10:12:01.372977,add_to_cart,12,explore,mobile,edge,2024-12-15 10:12:01.372977
670ecc21-777d-4194-bd3e-b272bdad2260,86659b79-71b6-47e4-a010-36cb2db3e113,hmcmillan@example.org,2024-12-15 10:38:15.372977,page_view,7,tag/app/categories,mobile,chrome,2024-12-15 10:38:15.372977
84df3b72-fa70-4b67-87e0-95aeeeaf2230,2ff9acda-2297-4c72-905d-a284f9a35cc1,simsrandall@example.net,2024-12-15 11:31:25.372977,purchase,13,explore/blog,desktop,firefox,2024-12-15 11:31:25.372977
e05a52c7-d8e8-441f-a08d-e966843b2edb,ba38de51-2af9-4b50-a21b-35fb6131cca4,lwilliams@example.com,2024-12-15 20:39:01.372977,search,5,list/app/blog,mobile,chrome,2024-12-15 20:39:01.372977
0594a59a-eb47-4240-92b9-501c1cfe4a20,d809a46e-42ba-41dd-8bf9-a5687fba14b3,jennifer58@example.org,2024-12-16 11:57:33.372977,purchase,16,tags/wp-content,mobile,safari,2024-12-16 11:57:33.372977
64e154d5-be4a-4a15-9b85-aab2344440a7,f1066b73-2e1f-40be-bc81-9519d0c0a78f,ucobb@example.org,2024-12-16 12:34:27.372977,remove_from_cart,15,tag,desktop,safari,2024-12-16 12:34:27.372977
f68f1b63-eb41-4890-af30-ca11676e6766,01455a0c-7e05-44d7-abbb-8ff00d915dbf,zacharymarsh@example.net,2024-12-16 17:41:20.372977,page_view,12,list/tag,desktop,safari,2024-12-16 17:41:20.372977
7da06159-2fd1-4dce-97b9-f4a41f3fc57c,8d890a83-a9e5-442d-bc77-cd4a43fa0569,sbishop@example.org,2024-12-16 20:12:20.372977,page_view,10,list,desktop,chrome,2024-12-16 20:12:20.372977
403278b0-2b13-481f-b93a-b174fd434f7e,fadcc8c1-e366-4a21-9cc2-88cd0998e735,annaschmidt@example.org,2024-12-17 01:37:29.372977,search,9,wp-content/blog,mobile,safari,2024-12-17 01:37:29.372977
ffbb5432-3e81-44b8-897f-fd8e048649ba,d60de2d8-6e4c-46a7-af98-0ea04ba470a4,donna72@example.net,2024-12-17 13:53:30.372977,page_view,7,posts,mobile,safari,2024-12-17 13:53:30.372977
0c417f93-d823-4fb1-a865-4610bd916588,f4ea37e0-c99d-4420-b817-be76d1da1996,michael55@example.org,2024-12-17 22:03:59.372977,page_view,10,wp-content/tag,desktop,chrome,2024-12-17 22:03:59.372977
2fd3ace2-fe29-4505-8fd3-ee7fa94ffdb0,42fe10d4-ecb1-47b5-ae29-6347016da8bf,annaschmidt@example.org,2024-12-18 08:58:06.372977,purchase,16,categories/list,mobile,safari,2024-12-18 08:58:06.372977
3483529d-af1e-418e-98f0-7870146695a2,a1068163-beba-4835-9008-18acc8682b18,ucobb@example.org,2024-12-18 11:03:00.372977,purchase,4,posts/list,mobile,chrome,2024-12-18 11:03:00.372977
dbdd307a-267c-4f43-b58a-878135650c29,0182f426-fea8-4f02-bbe7-6cb250d898ee,mary47@example.net,2024-12-19 19:44:58.372977,remove_from_cart,3,app/wp-content,tablet,safari,2024-12-19 19:44:58.372977
40655f3f-a34b-47ac-9b97-12b6a092575f,b47518d6-c6fc-42db-812a-acfab0ae237d,johnbutler@example.org,2024-12-19 20:10:53.372977,page_view,12,tags,mobile,edge,2024-12-19 20:10:53.372977
b0ba860c-70a2-4000-bbb0-b5877a4314bf,15b476d3-6631-45f8-89d0-4724c1d0bf70,mary47@example.net,2024-12-19 20:29:53.372977,search,9,explore/wp-content/explore,desktop,chrome,2024-12-19 20:29:53.372977
958a8b58-459f-4fc6-84ce-5f8a0015aaf2,720810e8-29ea-430f-9556-ccfcfb50430b,james62@example.com,2024-12-19 21:25:44.372977,page_view,20,tag,desktop,chrome,2024-12-19 21:25:44.372977
33d111d6-9104-455b-a782-a6e34a9c3dc0,3eb90614-d7df-4d27-9b96-14d1f00b52ec,lwilliams@example.com,2024-12-20 10:45:09.372977,page_view,15,tag/tag,mobile,chrome,2024-12-20 10:45:09.372977
a179a945-b6f5-46fa-8b46-de31a16bccf6,cafc658a-c2e9-430e-ae1f-649fc7b16514,johnbutler@example.org,2024-12-22 01:58:46.372977,page_view,12,posts/category/wp-content,mobile,firefox,2024-12-22 01:58:46.372977
92fa811c-2622-40dd-b04e-71ab9fe672db,1e46b8df-5a82-4f47-a92d-10c7ddb1b155,lreid@example.org,2024-12-22 11:52:19.372977,search,19,wp-content/explore/category,mobile,safari,2024-12-22 11:52:19.372977
e5c2a03e-a0d1-4e7a-ad55-ac8794a2a007,b0ea0a5e-1d24-4446-b94f-1027f03527f0,johnbutler@example.org,2024-12-22 14:06:04.372977,remove_from_cart,13,wp-content/blog/search,mobile,chrome,2024-12-22 14:06:04.372977
b785224a-62ac-4bd9-86eb-6fa7f629f60f,6b797764-df3c-4d37-9b4b-c6f0ba650e38,willismatthew@example.com,2024-12-23 02:24:32.372977,search,8,blog/list/posts,desktop,firefox,2024-12-23 02:24:32.372977
da8345a9-b69f-4285-92b1-d554fae39332,ed036324-5180-4cc9-a6df-e21e86ad03dc,monica99@example.org,2024-12-23 14:58:36.372977,page_view,5,category,desktop,chrome,2024-12-23 14:58:36.372977
26009470-b688-4b64-a0f8-bf30b1b25ece,e0887744-48f2-4cd6-9c67-4d97419488a8,brian83@example.net,2024-12-23 21:17:59.372977,page_view,18,main/category/wp-content,mobile,safari,2024-12-23 21:17:59.372977
9587e1cc-f571-4158-b174-9dbdbd68ff5a,86a7187c-f69a-476d-92ac-5d9fbb7389c6,ewashington@example.org,2024-12-23 23:19:35.372977,page_view,4,main/app/tag,mobile,chrome,2024-12-23 23:19:35.372977
9a6d6c3f-a14e-48ba-b9e2-c155b0add42d,1a85a817-6def-424d-8959-cb76ebcf4459,qtaylor@example.com,2024-12-24 07:44:39.372977,page_view,2,category/wp-content/tag,mobile,chrome,2024-12-24 07:44:39.372977
121aafce-e2b0-44b2-aae4-2e2fcfd32ac5,ed49d2fd-2b59-4761-823f-fe858dc8ea10,annaschmidt@example.org,2024-12-24 08:22:15.372977,page_view,14,tags,desktop,chrome,2024-12-24 08:22:15.372977
f979790c-e2e9-49b4-b680-053a6b367956,d9cbc481-cb09-408a-8d9d-454024dd8cdb,brian83@example.net,2024-12-25 04:08:16.372977,remove_from_cart,2,posts,mobile,chrome,2024-12-25 04:08:16.372977
592d6457-67de-433c-83e2-32cf1a745840,0e683853-22dd-46e7-8db0-5d88d0465fcf,qtaylor@example.com,2024-12-25 11:14:15.372977,search,15,tags,mobile,safari,2024-12-25 11:14:15.372977
2ab2ca09-545b-495d-b0f9-ab9f96f5d865,2e88155c-2e2d-4791-b68c-31d2fcfaaea7,amandamaxwell@example.net,2024-12-25 13:31:51.372977,page_view,4,app/category/list,tablet,firefox,2024-12-25 13:31:51.372977
099cedaf-54b1-4cbe-9713-c81e7e5e9ccb,c4d5921d-89da-4414-879b-43e02baa8ff9,chamilton@example.com,2024-12-25 21:16:44.372977,page_view,10,blog,mobile,chrome,2024-12-25 21:16:44.372977
fbc88fdc-4a59-4a76-82d5-15b10341a5bc,e3730cb2-fd26-4620-80b1-ac5531707000,mary47@example.net,2024-12-25 23:44:14.372977,page_view,1,tags,mobile,safari,2024-12-25 23:44:14.372977
92b729e5-9027-4997-b0f7-04b55b5b3704,64d7a4ce-e5f4-47ba-be0a-3b34bb945252,christineriggs@example.com,2024-12-26 07:34:53.372977,page_view,13,main/tag/app,mobile,firefox,2024-12-26 07:34:53.372977
b516b0be-8bcc-455b-b7c6-99877f902042,33179abe-f077-4183-8b21-cf447c49438b,amiranda@example.net,2024-12-26 10:58:08.372977,purchase,18,posts/app/category,mobile,chrome,2024-12-26 10:58:08.372977
5e278048-f312-4e9c-bf27-6fb96bae5038,c7a37487-f723-4b41-8411-b33b308cf3cd,jennifer58@example.org,2024-12-27 00:01:58.372977,page_view,6,wp-content,mobile,chrome,2024-12-27 00:01:58.372977
3cc54027-e0c8-46d2-9b30-d8402aa28d33,89ebdae8-cc16-45f9-9c93-e0a1e0400b0b,zacharymarsh@example.net,2024-12-27 07:04:39.372977,page_view,13,search/explore/list,desktop,firefox,2024-12-27 07:04:39.372977
0322e3b5-284c-432a-9de5-4ea3764c0260,40f7eaaa-7c4a-4a7a-981a-8d49322c1aab,brittany58@example.org,2024-12-27 15:11:41.372977,search,10,category/tags,desktop,firefox,2024-12-27 15:11:41.372977
218c4b75-ea66-4d92-b38b-a3a24ec95a35,acaf8611-f60e-413a-b7b1-9a7b048ecc20,simsrandall@example.net,2024-12-27 15:51:23.372977,page_view,6,posts/explore/wp-content,mobile,safari,2024-12-27 15:51:23.372977
b0d0ad54-5504-43e2-b2c4-a9695ed6f6e5,7ab99c25-4412-4cab-be19-976e4f830081,janet76@example.org,2024-12-27 19:04:00.372977,add_to_cart,20,search/explore,mobile,chrome,2024-12-27 19:04:00.372977
e7354abe-f5c3-4635-a805-288e3abbe470,dd778727-d172-450a-8640-1cb44c9d2edf,james62@example.com,2024-12-27 21:18:43.372977,purchase,14,search,desktop,safari,2024-12-27 21:18:43.372977
80bc9da7-5171-4eab-baed-76a9c9d00e6c,163a2cbb-7781-4f1e-a0b9-01b3f9bb35c0,chelseagordon@example.org,2024-12-27 23:40:58.372977,purchase,16,explore/search,desktop,chrome,2024-12-27 23:40:58.372977
e0960f91-b998-4ac9-9a5f-8f0f7285e2c4,7f4cb7fe-5304-4d61-92a8-923b9f2e3f25,jorgemcdaniel@example.com,2024-12-28 08:36:07.372977,add_to_cart,7,explore,mobile,edge,2024-12-28 08:36:07.372977
2b65bfba-ed17-4161-b594-3a328875757b,f342a5db-dc46-4a0d-9349-0dfe07ddac4e,qtaylor@example.com,2024-12-28 21:28:44.372977,add_to_cart,9,list/search/posts,mobile,chrome,2024-12-28 21:28:44.372977
dc8dc9c3-21fd-4755-8dbc-328c511b386e,9de6800a-a0a8-4384-be84-fb02802f66bb,gonzalezjill@example.org,2024-12-29 12:51:24.372977,add_to_cart,3,search/app,desktop,chrome,2024-12-29 12:51:24.372977
d43ca833-209a-4344-82a6-8146481dfadc,3266f7eb-7226-4672-87ca-565512367bf9,amiranda@example.net,2024-12-29 14:58:36.372977,page_view,10,app/category/search,desktop,chrome,2024-12-29 14:58:36.372977
bc082fb1-67c9-4fd3-9753-52436c3b0080,7f2fd6e0-7b2e-4289-a74f-edcf0e6e96f8,sarah14@example.com,2024-12-29 20:45:21.372977,add_to_cart,8,explore/search,mobile,safari,2024-12-29 20:45:21.372977
b95c0a24-51e6-48f5-a898-ba62a3eed858,70f5d4b3-08f4-46ff-b487-d9e31f0e2998,ucobb@example.org,2024-12-30 11:20:15.372977,remove_from_cart,19,search/blog/main,mobile,chrome,2024-12-30 11:20:15.372977
690e6cc3-7eb9-4ca0-86f1-5d76b5ef69e5,2a04cf3a-4993-4471-8b97-f6dcd3609f5a,amandamaxwell@example.net,2024-12-30 13:09:13.372977,page_view,20,wp-content/categories/categories,mobile,chrome,2024-12-30 13:09:13.372977
41335ab5-1ecf-4ede-8f9f-7858ba5cfa62,30003cd3-3b4f-4bfe-bb95-2d211f1d9f41,bishopkaren@example.org,2024-12-30 13:41:13.372977,page_view,3,posts/explore/list,mobile,chrome,2024-12-30 13:41:13.372977
07426a7c-b8df-477f-89fb-0d466febb76b,575e60f7-88f0-4464-8152-c0a2b75c1ef3,emendoza@example.com,2024-12-31 00:04:22.372977,page_view,17,main,mobile,safari,2024-12-31 00:04:22.372977
c5312f3f-a7b8-4554-b6c6-13c2de983c47,23b0a82a-9379-4ce6-82bc-e4caa0420a29,annaschmidt@example.org,2025-01-01 23:38:18.372977,page_view,6,explore,mobile,safari,2025-01-01 23:38:18.372977
6f09af96-63ee-4af5-8a1a-e9507766ccf2,9fcf0dc8-396d-4da7-a512-525aea49b6eb,amiranda@example.net,2025-01-02 06:07:41.372977,page_view,16,explore,desktop,chrome,2025-01-02 06:07:41.372977
bd20a222-7237-4164-8667-032d9c5805a5,db252d23-131c-4f73-828c-77e6a36347bc,johnny54@example.org,2025-01-02 13:48:55.372977,search,20,posts/app/app,mobile,safari,2025-01-02 13:48:55.372977
9b3cbd81-08c3-4453-ace3-cc2626314252,f39bac1f-b6e4-485e-8feb-6dc93c22fa05,ucobb@example.org,2025-01-03 22:27:59.372977,page_view,1,blog/categories/category,mobile,firefox,2025-01-03 22:27:59.372977
728ff67e-4181-48db-8df0-7d6fa1a7c7d8,5387fa83-0a01-4c4e-bfee-6052970ee8a1,amiranda@example.net,2025-01-04 13:54:34.372977,page_view,12,search/categories/wp-content,desktop,firefox,2025-01-04 13:54:34.372977
4c0ead96-a516-42ee-8e3f-f48b6ae482aa,d8bc7f2c-0389-4b35-b5c0-543c532d2f83,lreid@example.org,2025-01-05 06:15:36.372977,search,15,main/app/search,mobile,chrome,2025-01-05 06:15:36.372977
759ec15c-84db-4453-a6ac-5e9e9ec30d0f,33ba4596-b440-4753-bd8f-d253d851360d,jorgemcdaniel@example.com,2025-01-05 09:27:46.372977,search,9,wp-content/posts/tags,desktop,chrome,2025-01-05 09:27:46.372977
eaf8403b-f39b-4722-8dfd-bf550987499c,c17f8a74-ae11-4f12-8fb9-e180ad565199,gonzalezjill@example.org,2025-01-05 10:55:11.372977,page_view,4,wp-content/list,desktop,edge,2025-01-05 10:55:11.372977
00036720-ab12-4c3e-b8a6-624fe920cd4f,e0b64501-1783-495f-b629-c2c42445bbd8,willismatthew@example.com,2025-01-05 11:46:22.372977,search,11,categories/tag,mobile,safari,2025-01-05 11:46:22.372977
b15bae77-a178-4851-8699-12856154271e,b9a7966a-93c3-46c9-ab7a-d24e4ccdff6e,lwilliams@example.com,2025-01-06 18:31:44.372977,page_view,16,tag/search,desktop,chrome,2025-01-06 18:31:44.372977
d693d4cd-bf0e-4224-8d6b-c946e69c8138,15c0d199-d277-4580-91fc-69079e1fe6b7,chamilton@example.com,2025-01-06 20:44:55.372977,page_view,9,search/list/blog,desktop,safari,2025-01-06 20:44:55.372977
3dc12131-caf8-4059-8fc9-0c5f3692cb8b,98d829db-8f49-42d0-ada1-ab062cc41722,donna72@example.net,2025-01-06 21:21:18.372977,search,10,posts,desktop,chrome,2025-01-06 21:21:18.372977
e80bd358-d481-4187-b8a1-3783c0bac3b8,ea662940-5629-42a0-9468-19ead85036d3,edwardskenneth@example.org,2025-01-06 21:21:20.372977,page_view,1,posts,mobile,chrome,2025-01-06 21:21:20.372977
1da582e9-0fd7-49c2-a7e0-29291340df00,516d7fd7-4b15-47c8-bbe5-49bb5109db1a,willismatthew@example.com,2025-01-06 22:18:19.372977,page_view,5,list/main/posts,desktop,chrome,2025-01-06 22:18:19.372977
2a03425c-b362-41be-b331-6af3a7826767,8dd1818c-fdc5-4c97-9651-59f6e4e16e5e,wdickerson@example.com,2025-01-07 09:51:17.372977,add_to_cart,14,blog/wp-content/tag,tablet,chrome,2025-01-07 09:51:17.372977
ae5ec6f4-dd1f-43c5-8900-06a7e1966af0,c42e92e9-8ef9-47e2-965b-8ecdaf18b178,jennifer58@example.org,2025-01-07 12:50:15.372977,page_view,4,wp-content/tags,mobile,firefox,2025-01-07 12:50:15.372977
a08c035e-32fa-405e-8af4-97a9eb4ff728,f2e6b9ed-1370-46d2-81c9-3ec926eb8274,brian83@example.net,2025-01-07 13:34:49.372977,add_to_cart,12,category,mobile,chrome,2025-01-07 13:34:49.372977
1402ee7a-42a9-4066-ac9c-bc0d598f9894,4e838f46-cbdd-4cfb-8f67-b3b0b1bc997f,willismatthew@example.com,2025-01-07 14:39:29.372977,page_view,9,tag/main,mobile,chrome,2025-01-07 14:39:29.372977
0582be09-110e-4129-bd19-080646730ab9,a43d043a-1aa0-454f-a26b-d54dea97df64,edwardskenneth@example.org,2025-01-07 15:53:55.372977,add_to_cart,8,categories/posts,mobile,firefox,2025-01-07 15:53:55.372977
10b23621-eb4d-4e34-832e-61b7b9fb121f,471f796d-bc3b-4846-ab1f-b2f521cf44c6,lwilliams@example.com,2025-01-08 15:56:50.372977,page_view,17,search,desktop,safari,2025-01-08 15:56:50.372977
6e701f9b-adc6-4bb2-a63b-209f8e9798fd,f6ce186d-1f45-461d-84cb-0ebd9d89105d,amandamaxwell@example.net,2025-01-08 21:19:00.372977,add_to_cart,12,category/explore,mobile,chrome,2025-01-08 21:19:00.372977
91c21b6b-8b06-4ba3-bb9d-18012cb58620,3717fb13-36e3-4ee2-add1-2110860ebfce,qtaylor@example.com,2025-01-08 23:31:48.372977,page_view,16,categories,desktop,edge,2025-01-08 23:31:48.372977
0921cbe5-891c-4641-85ba-ce4dc66767e8,9adb89f9-f92e-44c9-836b-057a598e49dc,chamilton@example.com,2025-01-09 12:19:38.372977,page_view,16,main/explore/blog,mobile,chrome,2025-01-09 12:19:38.372977
83ea337e-6da8-4488-a93e-a5bb8e6a4b59,396b67fb-452d-488a-a93a-3029b8dd7e47,michael55@example.org,2025-01-09 20:34:08.372977,page_view,12,wp-content,mobile,chrome,2025-01-09 20:34:08.372977
872fe11a-be7a-45d3-ace8-6d3eb3c49faf,802403e8-4668-44aa-a46c-23030beda988,michael55@example.org,2025-01-09 22:46:54.372977,page_view,15,tags/search/categories,desktop,chrome,2025-01-09 22:46:54.372977
5516a302-3a6c-46a9-8e4d-d015823db9a6,6cf88e81-08a9-4032-a16a-f98e8702a3d1,wdickerson@example.com,2025-01-10 11:24:46.372977,page_view,13,app,mobile,chrome,2025-01-10 11:24:46.372977
d7e4ad13-4891-4a26-879c-651259acabe2,8e50d924-6db9-48e5-bcf2-f6fdb503dd04,lwilliams@example.com,2025-01-11 11:55:57.372977,purchase,3,tag/tag,mobile,safari,2025-01-11 11:55:57.372977
95147c8b-c996-482e-ba03-50f2df3ae682,ea2194ed-2141-4a57-8604-3df47a35a2ec,harrismichelle@example.com,2025-01-11 20:36:09.372977,page_view,3,categories/categories,mobile,chrome,2025-01-11 20:36:09.372977
6f1557ef-fc7f-4a8c-8bdb-c77d5a85fcd0,0ffd9301-ef43-48a8-b0e1-d6179e26db9e,bstrickland@example.com,2025-01-11 20:59:25.372977,page_view,14,blog/list/search,mobile,chrome,2025-01-11 20:59:25.372977
9e5b61c1-acd8-4420-8796-30c45604273d,b94dd941-919a-4c1f-b3e7-8985848cc687,simsrandall@example.net,2025-01-11 23:12:04.372977,purchase,14,search/wp-content,desktop,chrome,2025-01-11 23:12:04.372977
05fea840-ed10-41db-9839-288470badaa9,5de64d36-6e64-4059-8b49-0bd549669ad8,zacharymarsh@example.net,2025-01-12 05:22:02.372977,remove_from_cart,19,search/search/search,mobile,safari,2025-01-12 05:22:02.372977
13e42586-5ef0-459d-9592-cc1eea4eb535,3e0d8c94-05c0-4738-b5c4-f2bfff5aa346,lreid@example.org,2025-01-12 22:44:28.372977,page_view,13,blog,mobile,firefox,2025-01-12 22:44:28.372977
aecb23b9-e3dd-46ae-a3a4-40f8905753b0,5a914010-0875-4bf8-8edf-6c6828d8e897,sarah14@example.com,2025-01-12 23:17:51.372977,page_view,15,tags/tags/blog,mobile,chrome,2025-01-12 23:17:51.372977
7aac5c47-9d0d-43b4-928f-a085ebf76894,f7ef0a62-81cc-4f1a-b432-672aaaf134aa,thomasjames@example.com,2025-01-12 23:32:59.372977,remove_from_cart,10,posts,mobile,chrome,2025-01-12 23:32:59.372977
8b22b0f0-4035-49d8-b41b-c2376dd140c6,f28de832-6e29-49e9-98d4-ec53d58c37d8,christineriggs@example.com,2025-01-13 11:08:10.372977,search,6,categories/categories/category,mobile,chrome,2025-01-13 11:08:10.372977
12f5d312-73f4-4c01-95ca-e1a83d080f74,29b2f022-ebfa-47b4-ae6e-8e6242730b30,monica99@example.org,2025-01-13 13:59:48.372977,purchase,5,app/category/search,desktop,safari,2025-01-13 13:59:48.372977
b7dec882-2006-465e-8b22-e622899aa3ed,4bd0ce41-7475-4576-9061-216909ece874,james62@example.com,2025-01-13 14:34:05.372977,page_view,16,wp-content/blog,desktop,chrome,2025-01-13 14:34:05.372977
a388b960-4c7e-40c5-aece-3ae2d9e3bcd9,5ca4dce4-f150-4fa2-89df-694c9c4e0792,harrismichelle@example.com,2025-01-13 19:51:05.372977,page_view,17,categories,tablet,safari,2025-01-13 19:51:05.372977
0e8726f1-ae04-4f76-940c-80adab673614,77f0f641-3483-4031-a5cb-195a250e158e,michael55@example.org,2025-01-13 21:48:15.372977,page_view,19,main/tag/app,tablet,firefox,2025-01-13 21:48:15.372977
